signal_id,ticker,ts,station,valid_date,lead_day,yes_won,n_members,member_mean_f,member_sigma_f,original_p_yes,raw_member_p_yes,calibrated_p_yes,calibrated_variant,original_brier,raw_member_brier,calibrated_brier
62915,KXHIGHNY-26MAY15-T65,2026-05-15 22:10:24.505993+00:00,KNYC,2026-05-15,0,0,197,65.5251016157896,3.0225315063569544,0.05458783470282001,0.4365482233502538,0.20173892840011787,"bias=+2.0,spread=1.00",0.0029798316975424006,0.19057435131026307,0.04069859523202788
62922,KXHIGHNY-26MAY15-B71.5,2026-05-15 22:10:28.922606+00:00,KNYC,2026-05-15,0,0,197,65.5251016157896,3.0225315063569544,0.08704738589445027,0.030456852791878174,0.09009853250497057,"bias=+2.0,spread=1.00",0.00757724739105734,0.0009276198819861373,0.00811774555954924
62923,KXHIGHNY-26MAY15-B69.5,2026-05-15 22:10:29.542561+00:00,KNYC,2026-05-15,0,0,197,65.5251016157896,3.0225315063569544,0.1390833036852165,0.1065989847715736,0.18764532729428451,"bias=+2.0,spread=1.00",0.019344165363994154,0.01136334355433018,0.03521076885537916
62924,KXHIGHNY-26MAY15-B65.5,2026-05-15 22:10:30.114053+00:00,KNYC,2026-05-15,0,1,197,65.5251016157896,3.0225315063569544,0.48170256127061667,0.19289340101522842,0.22930026312104768,"bias=+2.0,spread=1.00",0.2686322349934388,0.6514210621247648,0.5939780844252863
62925,KXHIGHNY-26MAY15-B67.5,2026-05-15 22:10:30.729930+00:00,KNYC,2026-05-15,0,0,197,65.5251016157896,3.0225315063569544,0.2710981793176968,0.233502538071066,0.25617452315693756,"bias=+2.0,spread=1.00",0.0734942228293701,0.054523435285629626,0.06562538631468434
62926,KXHIGHNY-26MAY15-T72,2026-05-15 22:10:31.376853+00:00,KNYC,2026-05-15,0,0,197,65.5251016157896,3.0225315063569544,0.07923339423044884,0.0,0.03504242552264181,"bias=+2.0,spread=1.00",0.006277930761277723,0.0,0.001227971586509898
62933,KXHIGHMIA-26MAY15-B89.5,2026-05-15 22:10:35.820486+00:00,KMIA,2026-05-15,0,0,197,85.71851437331456,2.4356554351377815,0.03289260718166041,0.050761421319796954,0.21045027636323732,"bias=+2.0,spread=1.00",0.0010819236072070182,0.0025767218944059366,0.044289318821362965
62934,KXHIGHMIA-26MAY15-T85,2026-05-15 22:10:36.440371+00:00,KMIA,2026-05-15,0,0,197,85.71851437331456,2.4356554351377815,0.0328926071816604,0.34517766497461927,0.13218269509379726,"bias=+2.0,spread=1.00",0.0010819236072070173,0.1191476203973305,0.017472264882259777
62935,KXHIGHMIA-26MAY15-T92,2026-05-15 22:10:37.025775+00:00,KMIA,2026-05-15,0,1,197,85.71851437331456,2.4356554351377815,0.84,0.0,0.015063970851876274,"bias=+2.0,spread=1.00",0.02560000000000001,1.0,0.9700989815140736
62936,KXHIGHMIA-26MAY15-B85.5,2026-05-15 22:10:37.631498+00:00,KMIA,2026-05-15,0,0,197,85.71851437331456,2.4356554351377815,0.0328926071816604,0.2639593908629442,0.2518148689050712,"bias=+2.0,spread=1.00",0.0010819236072070173,0.06967456002473654,0.0634107282016782
62937,KXHIGHMIA-26MAY15-B91.5,2026-05-15 22:10:38.228210+00:00,KMIA,2026-05-15,0,0,197,85.71851437331456,2.4356554351377815,0.03289260718166041,0.0,0.07388266585905257,"bias=+2.0,spread=1.00",0.0010819236072070182,0.0,0.005458648314440411
62938,KXHIGHMIA-26MAY15-B87.5,2026-05-15 22:10:38.818770+00:00,KMIA,2026-05-15,0,0,197,85.71851437331456,2.4356554351377815,0.0328926071816604,0.3401015228426396,0.31660552292696537,"bias=+2.0,spread=1.00",0.0010819236072070173,0.11566904583988251,0.10023905714785719
62945,KXHIGHCHI-26MAY15-B71.5,2026-05-15 22:10:43.186552+00:00,KMDW,2026-05-15,0,0,197,72.85905513240603,3.6284839874793415,0.016179408166878205,0.12690355329949238,0.1604354185530365,"bias=+2.0,spread=1.00",0.00026177324863044515,0.016104511840037104,0.02573952352628801
62946,KXHIGHCHI-26MAY15-T71,2026-05-15 22:10:43.799668+00:00,KMDW,2026-05-15,0,0,197,72.85905513240603,3.6284839874793415,0.01617940816687829,0.38071065989847713,0.1437674890108932,"bias=+2.0,spread=1.00",0.00026177324863044797,0.14494060656033392,0.020669090896497298
62947,KXHIGHCHI-26MAY15-T78,2026-05-15 22:10:44.424622+00:00,KMDW,2026-05-15,0,0,197,72.85905513240603,3.6284839874793415,0.09318063045584657,0.025380710659898477,0.12688653334932143,"bias=+2.0,spread=1.00",0.008682629892149041,0.0006441804736014841,0.016100192345408458
62948,KXHIGHCHI-26MAY15-B77.5,2026-05-15 22:10:45.017829+00:00,KMDW,2026-05-15,0,0,197,72.85905513240603,3.6284839874793415,0.1988247741804184,0.14720812182741116,0.15069592110024344,"bias=+2.0,spread=1.00",0.039531290827894375,0.02167023113195393,0.022709260636250794
62949,KXHIGHCHI-26MAY15-B75.5,2026-05-15 22:10:45.588762+00:00,KMDW,2026-05-15,0,1,197,72.85905513240603,3.6284839874793415,0.5959995530566277,0.17258883248730963,0.20692492382143268,"bias=+2.0,spread=1.00",0.1632163611304446,0.6846092401247134,0.6289680764556403
62950,KXHIGHCHI-26MAY15-B73.5,2026-05-15 22:10:46.202099+00:00,KMDW,2026-05-15,0,0,197,72.85905513240603,3.6284839874793415,0.016179408166878267,0.14720812182741116,0.21128971416507275,"bias=+2.0,spread=1.00",0.00026177324863044715,0.02167023113195393,0.04464334331195814
62951,KXHIGHNY-26MAY15-T65,2026-05-15 22:15:56.953732+00:00,KNYC,2026-05-15,0,0,197,65.5251016157896,3.0225315063569544,0.05458783470282002,0.4365482233502538,0.20173892840011787,"bias=+2.0,spread=1.00",0.0029798316975424015,0.19057435131026307,0.04069859523202788
62959,KXHIGHNY-26MAY15-B71.5,2026-05-15 22:16:02.233935+00:00,KNYC,2026-05-15,0,0,197,65.5251016157896,3.0225315063569544,0.08700421184630458,0.030456852791878174,0.09009853250497057,"bias=+2.0,spread=1.00",0.007569732878996646,0.0009276198819861373,0.00811774555954924
62960,KXHIGHNY-26MAY15-T72,2026-05-15 22:16:02.851686+00:00,KNYC,2026-05-15,0,0,197,65.5251016157896,3.0225315063569544,0.07919816566554128,0.0,0.03504242552264181,"bias=+2.0,spread=1.00",0.006272349444786521,0.0,0.001227971586509898
62961,KXHIGHNY-26MAY15-B69.5,2026-05-15 22:16:03.496964+00:00,KNYC,2026-05-15,0,0,197,65.5251016157896,3.0225315063569544,0.13898721807401748,0.1065989847715736,0.18764532729428451,"bias=+2.0,spread=1.00",0.019317446787954492,0.01136334355433018,0.03521076885537916
62962,KXHIGHNY-26MAY15-B67.5,2026-05-15 22:16:04.113553+00:00,KNYC,2026-05-15,0,0,197,65.5251016157896,3.0225315063569544,0.271577270077982,0.233502538071066,0.25617452315693756,"bias=+2.0,spread=1.00",0.07375421362300917,0.054523435285629626,0.06562538631468434
62963,KXHIGHNY-26MAY15-B65.5,2026-05-15 22:16:04.722216+00:00,KNYC,2026-05-15,0,1,197,65.5251016157896,3.0225315063569544,0.4813979587345837,0.19289340101522842,0.22930026312104768,"bias=+2.0,spread=1.00",0.2689480772046566,0.6514210621247648,0.5939780844252863
62969,KXHIGHMIA-26MAY15-B85.5,2026-05-15 22:16:08.470858+00:00,KMIA,2026-05-15,0,0,197,85.71851437331456,2.4356554351377815,0.0328926071816604,0.2639593908629442,0.2518148689050712,"bias=+2.0,spread=1.00",0.0010819236072070173,0.06967456002473654,0.0634107282016782
62970,KXHIGHMIA-26MAY15-B89.5,2026-05-15 22:16:09.060987+00:00,KMIA,2026-05-15,0,0,197,85.71851437331456,2.4356554351377815,0.0328926071816604,0.050761421319796954,0.21045027636323732,"bias=+2.0,spread=1.00",0.0010819236072070173,0.0025767218944059366,0.044289318821362965
62971,KXHIGHMIA-26MAY15-B91.5,2026-05-15 22:16:09.647670+00:00,KMIA,2026-05-15,0,0,197,85.71851437331456,2.4356554351377815,0.03289260718166041,0.0,0.07388266585905257,"bias=+2.0,spread=1.00",0.0010819236072070182,0.0,0.005458648314440411
62972,KXHIGHMIA-26MAY15-T92,2026-05-15 22:16:10.215913+00:00,KMIA,2026-05-15,0,1,197,85.71851437331456,2.4356554351377815,0.84,0.0,0.015063970851876274,"bias=+2.0,spread=1.00",0.02560000000000001,1.0,0.9700989815140736
62973,KXHIGHMIA-26MAY15-T85,2026-05-15 22:16:10.827278+00:00,KMIA,2026-05-15,0,0,197,85.71851437331456,2.4356554351377815,0.0328926071816604,0.34517766497461927,0.13218269509379726,"bias=+2.0,spread=1.00",0.0010819236072070173,0.1191476203973305,0.017472264882259777
62974,KXHIGHMIA-26MAY15-B87.5,2026-05-15 22:16:11.419539+00:00,KMIA,2026-05-15,0,0,197,85.71851437331456,2.4356554351377815,0.03289260718166039,0.3401015228426396,0.31660552292696537,"bias=+2.0,spread=1.00",0.001081923607207017,0.11566904583988251,0.10023905714785719
62981,KXHIGHCHI-26MAY15-T78,2026-05-15 22:16:15.861941+00:00,KMDW,2026-05-15,0,0,197,72.85905513240603,3.6284839874793415,0.09318037005906238,0.025380710659898477,0.12688653334932143,"bias=+2.0,spread=1.00",0.008682581364343809,0.0006441804736014841,0.016100192345408458
62982,KXHIGHCHI-26MAY15-T71,2026-05-15 22:16:16.460768+00:00,KMDW,2026-05-15,0,0,197,72.85905513240603,3.6284839874793415,0.01617940816687828,0.38071065989847713,0.1437674890108932,"bias=+2.0,spread=1.00",0.00026177324863044764,0.14494060656033392,0.020669090896497298
62983,KXHIGHCHI-26MAY15-B77.5,2026-05-15 22:16:17.055425+00:00,KMDW,2026-05-15,0,0,197,72.85905513240603,3.6284839874793415,0.19943505307390094,0.14720812182741116,0.15069592110024344,"bias=+2.0,spread=1.00",0.039774340394589686,0.02167023113195393,0.022709260636250794
62984,KXHIGHCHI-26MAY15-B75.5,2026-05-15 22:16:17.608981+00:00,KMDW,2026-05-15,0,1,197,72.85905513240603,3.6284839874793415,0.5953895345599294,0.17258883248730963,0.20692492382143268,"bias=+2.0,spread=1.00",0.16370962874363057,0.6846092401247134,0.6289680764556403
62985,KXHIGHCHI-26MAY15-B71.5,2026-05-15 22:16:18.212767+00:00,KMDW,2026-05-15,0,0,197,72.85905513240603,3.6284839874793415,0.016179408166878285,0.12690355329949238,0.1604354185530365,"bias=+2.0,spread=1.00",0.00026177324863044775,0.016104511840037104,0.02573952352628801
62986,KXHIGHCHI-26MAY15-B73.5,2026-05-15 22:16:18.811164+00:00,KMDW,2026-05-15,0,0,197,72.85905513240603,3.6284839874793415,0.01617940816687829,0.14720812182741116,0.21128971416507275,"bias=+2.0,spread=1.00",0.00026177324863044797,0.02167023113195393,0.04464334331195814
62988,KXHIGHNY-26MAY15-B69.5,2026-05-15 22:21:33.278498+00:00,KNYC,2026-05-15,0,0,197,65.5251016157896,3.0225315063569544,0.13889079038853025,0.1065989847715736,0.18764532729428451,"bias=+2.0,spread=1.00",0.01929065165475065,0.01136334355433018,0.03521076885537916
62991,KXHIGHCHI-26MAY15-B73.5,2026-05-15 22:21:35.147137+00:00,KMDW,2026-05-15,0,0,197,72.85905513240603,3.6284839874793415,0.016179408166878254,0.14720812182741116,0.21128971416507275,"bias=+2.0,spread=1.00",0.0002617732486304467,0.02167023113195393,0.04464334331195814
62998,KXHIGHNY-26MAY15-B71.5,2026-05-15 22:21:39.604464+00:00,KNYC,2026-05-15,0,0,197,65.5251016157896,3.0225315063569544,0.0869608840942716,0.030456852791878174,0.09009853250497057,"bias=+2.0,spread=1.00",0.007562195362457341,0.0009276198819861373,0.00811774555954924
62999,KXHIGHNY-26MAY15-B65.5,2026-05-15 22:21:40.216311+00:00,KNYC,2026-05-15,0,1,197,65.5251016157896,3.0225315063569544,0.4810918918218181,0.19289340101522842,0.22930026312104768,"bias=+2.0,spread=1.00",0.2692656247330597,0.6514210621247648,0.5939780844252863
63000,KXHIGHNY-26MAY15-B67.5,2026-05-15 22:21:40.834303+00:00,KNYC,2026-05-15,0,0,197,65.5251016157896,3.0225315063569544,0.2720584464103544,0.233502538071066,0.25617452315693756,"bias=+2.0,spread=1.00",0.07401579826321569,0.054523435285629626,0.06562538631468434
63001,KXHIGHNY-26MAY15-T72,2026-05-15 22:21:41.491431+00:00,KNYC,2026-05-15,0,0,197,65.5251016157896,3.0225315063569544,0.07916281168345463,0.0,0.03504242552264181,"bias=+2.0,spread=1.00",0.0062667507536301,0.0,0.001227971586509898
63002,KXHIGHNY-26MAY15-T65,2026-05-15 22:21:42.142771+00:00,KNYC,2026-05-15,0,0,197,65.5251016157896,3.0225315063569544,0.05458783470282001,0.4365482233502538,0.20173892840011787,"bias=+2.0,spread=1.00",0.0029798316975424006,0.19057435131026307,0.04069859523202788
63006,KXHIGHMIA-26MAY15-B87.5,2026-05-15 22:21:44.729829+00:00,KMIA,2026-05-15,0,0,197,85.71851437331456,2.4356554351377815,0.03289260718166041,0.3401015228426396,0.31660552292696537,"bias=+2.0,spread=1.00",0.0010819236072070182,0.11566904583988251,0.10023905714785719
63007,KXHIGHMIA-26MAY15-T85,2026-05-15 22:21:45.373582+00:00,KMIA,2026-05-15,0,0,197,85.71851437331456,2.4356554351377815,0.0328926071816604,0.34517766497461927,0.13218269509379726,"bias=+2.0,spread=1.00",0.0010819236072070173,0.1191476203973305,0.017472264882259777
63008,KXHIGHMIA-26MAY15-B85.5,2026-05-15 22:21:45.994801+00:00,KMIA,2026-05-15,0,0,197,85.71851437331456,2.4356554351377815,0.03289260718166041,0.2639593908629442,0.2518148689050712,"bias=+2.0,spread=1.00",0.0010819236072070182,0.06967456002473654,0.0634107282016782
63009,KXHIGHMIA-26MAY15-B89.5,2026-05-15 22:21:46.628998+00:00,KMIA,2026-05-15,0,0,197,85.71851437331456,2.4356554351377815,0.03289260718166041,0.050761421319796954,0.21045027636323732,"bias=+2.0,spread=1.00",0.0010819236072070182,0.0025767218944059366,0.044289318821362965
63010,KXHIGHMIA-26MAY15-B91.5,2026-05-15 22:21:47.252012+00:00,KMIA,2026-05-15,0,0,197,85.71851437331456,2.4356554351377815,0.0328926071816604,0.0,0.07388266585905257,"bias=+2.0,spread=1.00",0.0010819236072070173,0.0,0.005458648314440411
63011,KXHIGHMIA-26MAY15-T92,2026-05-15 22:21:47.821200+00:00,KMIA,2026-05-15,0,1,197,85.71851437331456,2.4356554351377815,0.84,0.0,0.015063970851876274,"bias=+2.0,spread=1.00",0.02560000000000001,1.0,0.9700989815140736
63018,KXHIGHCHI-26MAY15-T78,2026-05-15 22:21:52.330433+00:00,KMDW,2026-05-15,0,0,197,72.85905513240603,3.6284839874793415,0.0931803401454319,0.025380710659898477,0.12688653334932143,"bias=+2.0,spread=1.00",0.008682575789618388,0.0006441804736014841,0.016100192345408458
63019,KXHIGHCHI-26MAY15-T71,2026-05-15 22:21:53.001625+00:00,KMDW,2026-05-15,0,0,197,72.85905513240603,3.6284839874793415,0.01617940816687815,0.38071065989847713,0.1437674890108932,"bias=+2.0,spread=1.00",0.00026177324863044336,0.14494060656033392,0.020669090896497298
63020,KXHIGHCHI-26MAY15-B77.5,2026-05-15 22:21:53.614760+00:00,KMDW,2026-05-15,0,0,197,72.85905513240603,3.6284839874793415,0.20004866315952383,0.14720812182741116,0.15069592110024344,"bias=+2.0,spread=1.00",0.04001946763191262,0.02167023113195393,0.022709260636250794
63021,KXHIGHCHI-26MAY15-B71.5,2026-05-15 22:21:54.262771+00:00,KMDW,2026-05-15,0,0,197,72.85905513240603,3.6284839874793415,0.016179408166878267,0.12690355329949238,0.1604354185530365,"bias=+2.0,spread=1.00",0.00026177324863044715,0.016104511840037104,0.02573952352628801
63022,KXHIGHCHI-26MAY15-B75.5,2026-05-15 22:21:54.871332+00:00,KMDW,2026-05-15,0,1,197,72.85905513240603,3.6284839874793415,0.594775954387937,0.17258883248730963,0.20692492382143268,"bias=+2.0,spread=1.00",0.16420652714220735,0.6846092401247134,0.6289680764556403
63029,KXHIGHNY-26MAY15-B65.5,2026-05-15 22:27:03.797367+00:00,KNYC,2026-05-15,0,1,197,65.5251016157896,3.0225315063569544,0.48079438347535486,0.19289340101522842,0.22930026312104768,"bias=+2.0,spread=1.00",0.2695744722307369,0.6514210621247648,0.5939780844252863
63030,KXHIGHNY-26MAY15-T72,2026-05-15 22:27:04.441025+00:00,KNYC,2026-05-15,0,0,197,65.5251016157896,3.0225315063569544,0.07912848884393142,0.0,0.03504242552264181,"bias=+2.0,spread=1.00",0.00626131774672418,0.0,0.001227971586509898
63031,KXHIGHNY-26MAY15-B71.5,2026-05-15 22:27:05.088339+00:00,KNYC,2026-05-15,0,0,197,65.5251016157896,3.0225315063569544,0.08691882004965501,0.030456852791878174,0.09009853250497057,"bias=+2.0,spread=1.00",0.007554881278824309,0.0009276198819861373,0.00811774555954924
63032,KXHIGHNY-26MAY15-T65,2026-05-15 22:27:05.722306+00:00,KNYC,2026-05-15,0,0,197,65.5251016157896,3.0225315063569544,0.05458783470282001,0.4365482233502538,0.20173892840011787,"bias=+2.0,spread=1.00",0.0029798316975424006,0.19057435131026307,0.04069859523202788
63034,KXHIGHMIA-26MAY15-B87.5,2026-05-15 22:27:07.055659+00:00,KMIA,2026-05-15,0,0,197,85.71851437331456,2.4356554351377815,0.03289260718166041,0.3401015228426396,0.31660552292696537,"bias=+2.0,spread=1.00",0.0010819236072070182,0.11566904583988251,0.10023905714785719
63035,KXHIGHMIA-26MAY15-T92,2026-05-15 22:27:07.613472+00:00,KMIA,2026-05-15,0,1,197,85.71851437331456,2.4356554351377815,0.84,0.0,0.015063970851876274,"bias=+2.0,spread=1.00",0.02560000000000001,1.0,0.9700989815140736
63036,KXHIGHMIA-26MAY15-T85,2026-05-15 22:27:08.249240+00:00,KMIA,2026-05-15,0,0,197,85.71851437331456,2.4356554351377815,0.0328926071816604,0.34517766497461927,0.13218269509379726,"bias=+2.0,spread=1.00",0.0010819236072070173,0.1191476203973305,0.017472264882259777
63037,KXHIGHMIA-26MAY15-B85.5,2026-05-15 22:27:08.849431+00:00,KMIA,2026-05-15,0,0,197,85.71851437331456,2.4356554351377815,0.0328926071816604,0.2639593908629442,0.2518148689050712,"bias=+2.0,spread=1.00",0.0010819236072070173,0.06967456002473654,0.0634107282016782
63038,KXHIGHMIA-26MAY15-B89.5,2026-05-15 22:27:09.451988+00:00,KMIA,2026-05-15,0,0,197,85.71851437331456,2.4356554351377815,0.0328926071816604,0.050761421319796954,0.21045027636323732,"bias=+2.0,spread=1.00",0.0010819236072070173,0.0025767218944059366,0.044289318821362965
63039,KXHIGHMIA-26MAY15-B91.5,2026-05-15 22:27:10.072882+00:00,KMIA,2026-05-15,0,0,197,85.71851437331456,2.4356554351377815,0.03289260718166041,0.0,0.07388266585905257,"bias=+2.0,spread=1.00",0.0010819236072070182,0.0,0.005458648314440411
63046,KXHIGHCHI-26MAY15-T78,2026-05-15 22:27:14.632036+00:00,KMDW,2026-05-15,0,0,197,72.85905513240603,3.6284839874793415,0.09318053583925201,0.025380710659898477,0.12688653334932143,"bias=+2.0,spread=1.00",0.008682612259290129,0.0006441804736014841,0.016100192345408458
63047,KXHIGHCHI-26MAY15-B71.5,2026-05-15 22:27:15.280808+00:00,KMDW,2026-05-15,0,0,197,72.85905513240603,3.6284839874793415,0.01617940816687836,0.12690355329949238,0.1604354185530365,"bias=+2.0,spread=1.00",0.0002617732486304502,0.016104511840037104,0.02573952352628801
63048,KXHIGHCHI-26MAY15-B77.5,2026-05-15 22:27:15.877343+00:00,KMDW,2026-05-15,0,0,197,72.85905513240603,3.6284839874793415,0.20064549530281203,0.14720812182741116,0.15069592110024344,"bias=+2.0,spread=1.00",0.040258614785310766,0.02167023113195393,0.022709260636250794
63049,KXHIGHCHI-26MAY15-B75.5,2026-05-15 22:27:16.428979+00:00,KMDW,2026-05-15,0,1,197,72.85905513240603,3.6284839874793415,0.5941789265508286,0.17258883248730963,0.20692492382143268,"bias=+2.0,spread=1.00",0.16469074365543776,0.6846092401247134,0.6289680764556403
63050,KXHIGHCHI-26MAY15-T71,2026-05-15 22:27:17.086133+00:00,KMDW,2026-05-15,0,0,197,72.85905513240603,3.6284839874793415,0.016179408166878267,0.38071065989847713,0.1437674890108932,"bias=+2.0,spread=1.00",0.00026177324863044715,0.14494060656033392,0.020669090896497298
63052,KXHIGHNY-26MAY15-B69.5,2026-05-15 22:27:18.297584+00:00,KNYC,2026-05-15,0,0,197,65.5251016157896,3.0225315063569544,0.1387971751356163,0.1065989847715736,0.18764532729428451,"bias=+2.0,spread=1.00",0.01926465582562694,0.01136334355433018,0.03521076885537916
63055,KXHIGHCHI-26MAY15-B73.5,2026-05-15 22:27:20.205348+00:00,KMDW,2026-05-15,0,0,197,72.85905513240603,3.6284839874793415,0.01617940816687821,0.14720812182741116,0.21128971416507275,"bias=+2.0,spread=1.00",0.00026177324863044525,0.02167023113195393,0.04464334331195814
63056,KXHIGHNY-26MAY15-B67.5,2026-05-15 22:27:20.811675+00:00,KNYC,2026-05-15,0,0,197,65.5251016157896,3.0225315063569544,0.27252595689387143,0.233502538071066,0.25617452315693756,"bias=+2.0,spread=1.00",0.07427039718092027,0.054523435285629626,0.06562538631468434
63060,KXHIGHMIA-26MAY15-B87.5,2026-05-15 22:32:24.446539+00:00,KMIA,2026-05-15,0,0,197,85.71851437331456,2.4356554351377815,0.03289260718166041,0.3401015228426396,0.31660552292696537,"bias=+2.0,spread=1.00",0.0010819236072070182,0.11566904583988251,0.10023905714785719
63067,KXHIGHNY-26MAY15-T72,2026-05-15 22:32:28.954730+00:00,KNYC,2026-05-15,0,0,197,65.5251016157896,3.0225315063569544,0.07909472913129545,0.0,0.03504242552264181,"bias=+2.0,spread=1.00",0.006255976176352997,0.0,0.001227971586509898
63068,KXHIGHNY-26MAY15-B71.5,2026-05-15 22:32:29.587938+00:00,KNYC,2026-05-15,0,0,197,65.5251016157896,3.0225315063569544,0.08687744614008652,0.030456852791878174,0.09009853250497057,"bias=+2.0,spread=1.00",0.007547690647823634,0.0009276198819861373,0.00811774555954924
63069,KXHIGHNY-26MAY15-T65,2026-05-15 22:32:30.220599+00:00,KNYC,2026-05-15,0,0,197,65.5251016157896,3.0225315063569544,0.05458783470282001,0.4365482233502538,0.20173892840011787,"bias=+2.0,spread=1.00",0.0029798316975424006,0.19057435131026307,0.04069859523202788
63070,KXHIGHNY-26MAY15-B65.5,2026-05-15 22:32:30.822007+00:00,KNYC,2026-05-15,0,1,197,65.5251016157896,3.0225315063569544,0.4805013983972757,0.19289340101522842,0.22930026312104768,"bias=+2.0,spread=1.00",0.2698787970671861,0.6514210621247648,0.5939780844252863
63073,KXHIGHMIA-26MAY15-B89.5,2026-05-15 22:32:32.674719+00:00,KMIA,2026-05-15,0,0,197,85.71851437331456,2.4356554351377815,0.0328926071816604,0.050761421319796954,0.21045027636323732,"bias=+2.0,spread=1.00",0.0010819236072070173,0.0025767218944059366,0.044289318821362965
63074,KXHIGHMIA-26MAY15-T85,2026-05-15 22:32:33.297381+00:00,KMIA,2026-05-15,0,0,197,85.71851437331456,2.4356554351377815,0.0328926071816604,0.34517766497461927,0.13218269509379726,"bias=+2.0,spread=1.00",0.0010819236072070173,0.1191476203973305,0.017472264882259777
63075,KXHIGHMIA-26MAY15-B91.5,2026-05-15 22:32:33.900187+00:00,KMIA,2026-05-15,0,0,197,85.71851437331456,2.4356554351377815,0.0328926071816604,0.0,0.07388266585905257,"bias=+2.0,spread=1.00",0.0010819236072070173,0.0,0.005458648314440411
63076,KXHIGHMIA-26MAY15-T92,2026-05-15 22:32:34.483344+00:00,KMIA,2026-05-15,0,1,197,85.71851437331456,2.4356554351377815,0.84,0.0,0.015063970851876274,"bias=+2.0,spread=1.00",0.02560000000000001,1.0,0.9700989815140736
63077,KXHIGHMIA-26MAY15-B85.5,2026-05-15 22:32:35.108414+00:00,KMIA,2026-05-15,0,0,197,85.71851437331456,2.4356554351377815,0.03289260718166039,0.2639593908629442,0.2518148689050712,"bias=+2.0,spread=1.00",0.001081923607207017,0.06967456002473654,0.0634107282016782
63084,KXHIGHCHI-26MAY15-B77.5,2026-05-15 22:32:39.497394+00:00,KMDW,2026-05-15,0,0,197,72.85905513240603,3.6284839874793415,0.20123361870180018,0.14720812182741116,0.15069592110024344,"bias=+2.0,spread=1.00",0.040494969295821505,0.02167023113195393,0.022709260636250794
63085,KXHIGHCHI-26MAY15-B71.5,2026-05-15 22:32:40.163341+00:00,KMDW,2026-05-15,0,0,197,72.85905513240603,3.6284839874793415,0.01617940816687818,0.12690355329949238,0.1604354185530365,"bias=+2.0,spread=1.00",0.0002617732486304444,0.016104511840037104,0.02573952352628801
63086,KXHIGHCHI-26MAY15-T78,2026-05-15 22:32:40.765335+00:00,KMDW,2026-05-15,0,0,197,72.85905513240603,3.6284839874793415,0.09318094716441762,0.025380710659898477,0.12688653334932143,"bias=+2.0,spread=1.00",0.008682688914457988,0.0006441804736014841,0.016100192345408458
63087,KXHIGHCHI-26MAY15-T71,2026-05-15 22:32:41.395963+00:00,KMDW,2026-05-15,0,0,197,72.85905513240603,3.6284839874793415,0.016179408166878264,0.38071065989847713,0.1437674890108932,"bias=+2.0,spread=1.00",0.00026177324863044704,0.14494060656033392,0.020669090896497298
63088,KXHIGHCHI-26MAY15-B75.5,2026-05-15 22:32:41.968432+00:00,KMDW,2026-05-15,0,1,197,72.85905513240603,3.6284839874793415,0.593590391826675,0.17258883248730963,0.20692492382143268,"bias=+2.0,spread=1.00",0.1651687696155956,0.6846092401247134,0.6289680764556403
63089,KXHIGHCHI-26MAY15-B73.5,2026-05-15 22:32:42.609034+00:00,KMDW,2026-05-15,0,0,197,72.85905513240603,3.6284839874793415,0.01617940816687828,0.14720812182741116,0.21128971416507275,"bias=+2.0,spread=1.00",0.00026177324863044764,0.02167023113195393,0.04464334331195814
63091,KXHIGHNY-26MAY15-B69.5,2026-05-15 22:32:43.899888+00:00,KNYC,2026-05-15,0,0,197,65.5251016157896,3.0225315063569544,0.1387050958064978,0.1065989847715736,0.18764532729428451,"bias=+2.0,spread=1.00",0.01923910360268974,0.01136334355433018,0.03521076885537916
63093,KXHIGHNY-26MAY15-B67.5,2026-05-15 22:32:45.195437+00:00,KNYC,2026-05-15,0,0,197,65.5251016157896,3.0225315063569544,0.27298615492327355,0.233502538071066,0.25617452315693756,"bias=+2.0,spread=1.00",0.0745214407797935,0.054523435285629626,0.06562538631468434
63095,KXHIGHMIA-26MAY15-B87.5,2026-05-15 22:37:47.294125+00:00,KMIA,2026-05-15,0,0,197,85.71851437331456,2.4356554351377815,0.0328926071816604,0.3401015228426396,0.31660552292696537,"bias=+2.0,spread=1.00",0.0010819236072070173,0.11566904583988251,0.10023905714785719
63096,KXHIGHNY-26MAY15-T65,2026-05-15 22:37:47.950639+00:00,KNYC,2026-05-15,0,0,197,65.5251016157896,3.0225315063569544,0.05458783470282001,0.4365482233502538,0.20173892840011787,"bias=+2.0,spread=1.00",0.0029798316975424006,0.19057435131026307,0.04069859523202788
63097,KXHIGHNY-26MAY15-B65.5,2026-05-15 22:37:48.510918+00:00,KNYC,2026-05-15,0,1,197,65.5251016157896,3.0225315063569544,0.4802099803017885,0.19289340101522842,0.22930026312104768,"bias=+2.0,spread=1.00",0.2701816645778671,0.6514210621247648,0.5939780844252863
63105,KXHIGHNY-26MAY15-B71.5,2026-05-15 22:37:53.610485+00:00,KNYC,2026-05-15,0,0,197,65.5251016157896,3.0225315063569544,0.086836343688667,0.030456852791878174,0.09009853250497057,"bias=+2.0,spread=1.00",0.0075405505852162965,0.0009276198819861373,0.00811774555954924
63106,KXHIGHNY-26MAY15-T72,2026-05-15 22:37:54.235470+00:00,KNYC,2026-05-15,0,0,197,65.5251016157896,3.0225315063569544,0.07906119091934138,0.0,0.03504242552264181,"bias=+2.0,spread=1.00",0.0062506719095845485,0.0,0.001227971586509898
63109,KXHIGHMIA-26MAY15-T92,2026-05-15 22:37:56.048116+00:00,KMIA,2026-05-15,0,1,197,85.71851437331456,2.4356554351377815,0.84,0.0,0.015063970851876274,"bias=+2.0,spread=1.00",0.02560000000000001,1.0,0.9700989815140736
63110,KXHIGHMIA-26MAY15-B91.5,2026-05-15 22:37:56.672889+00:00,KMIA,2026-05-15,0,0,197,85.71851437331456,2.4356554351377815,0.03289260718166041,0.0,0.07388266585905257,"bias=+2.0,spread=1.00",0.0010819236072070182,0.0,0.005458648314440411
63111,KXHIGHMIA-26MAY15-B85.5,2026-05-15 22:37:57.273187+00:00,KMIA,2026-05-15,0,0,197,85.71851437331456,2.4356554351377815,0.0328926071816604,0.2639593908629442,0.2518148689050712,"bias=+2.0,spread=1.00",0.0010819236072070173,0.06967456002473654,0.0634107282016782
63112,KXHIGHMIA-26MAY15-B89.5,2026-05-15 22:37:57.869580+00:00,KMIA,2026-05-15,0,0,197,85.71851437331456,2.4356554351377815,0.03289260718166041,0.050761421319796954,0.21045027636323732,"bias=+2.0,spread=1.00",0.0010819236072070182,0.0025767218944059366,0.044289318821362965
63113,KXHIGHMIA-26MAY15-T85,2026-05-15 22:37:58.462898+00:00,KMIA,2026-05-15,0,0,197,85.71851437331456,2.4356554351377815,0.0328926071816604,0.34517766497461927,0.13218269509379726,"bias=+2.0,spread=1.00",0.0010819236072070173,0.1191476203973305,0.017472264882259777
63120,KXHIGHCHI-26MAY15-T78,2026-05-15 22:38:02.902658+00:00,KMDW,2026-05-15,0,0,197,72.85905513240603,3.6284839874793415,0.09318157349162581,0.025380710659898477,0.12688653334932143,"bias=+2.0,spread=1.00",0.008682805638375262,0.0006441804736014841,0.016100192345408458
63121,KXHIGHCHI-26MAY15-B73.5,2026-05-15 22:38:03.553129+00:00,KMDW,2026-05-15,0,0,197,72.85905513240603,3.6284839874793415,0.016179408166878274,0.14720812182741116,0.21128971416507275,"bias=+2.0,spread=1.00",0.0002617732486304474,0.02167023113195393,0.04464334331195814
63122,KXHIGHCHI-26MAY15-B71.5,2026-05-15 22:38:04.195729+00:00,KMDW,2026-05-15,0,0,197,72.85905513240603,3.6284839874793415,0.016179408166878344,0.12690355329949238,0.1604354185530365,"bias=+2.0,spread=1.00",0.00026177324863044965,0.016104511840037104,0.02573952352628801
63123,KXHIGHCHI-26MAY15-T71,2026-05-15 22:38:04.797682+00:00,KMDW,2026-05-15,0,0,197,72.85905513240603,3.6284839874793415,0.016179408166878226,0.38071065989847713,0.1437674890108932,"bias=+2.0,spread=1.00",0.00026177324863044585,0.14494060656033392,0.020669090896497298
63124,KXHIGHCHI-26MAY15-B77.5,2026-05-15 22:38:05.395614+00:00,KMDW,2026-05-15,0,0,197,72.85905513240603,3.6284839874793415,0.2018189551570489,0.14720812182741116,0.15069592110024344,"bias=+2.0,spread=1.00",0.04073089066068291,0.02167023113195393,0.022709260636250794
63125,KXHIGHCHI-26MAY15-B75.5,2026-05-15 22:38:06.042693+00:00,KMDW,2026-05-15,0,1,197,72.85905513240603,3.6284839874793415,0.593004429044218,0.17258883248730963,0.20692492382143268,"bias=+2.0,spread=1.00",0.16564539477762297,0.6846092401247134,0.6289680764556403
63127,KXHIGHNY-26MAY15-B69.5,2026-05-15 22:38:07.273103+00:00,KNYC,2026-05-15,0,0,197,65.5251016157896,3.0225315063569544,0.13861362061860427,0.1065989847715736,0.18764532729428451,"bias=+2.0,spread=1.00",0.019213735820998355,0.01136334355433018,0.03521076885537916
63129,KXHIGHNY-26MAY15-B67.5,2026-05-15 22:38:08.551324+00:00,KNYC,2026-05-15,0,0,197,65.5251016157896,3.0225315063569544,0.27344368887002785,0.233502538071066,0.25617452315693756,"bias=+2.0,spread=1.00",0.07477145098284858,0.054523435285629626,0.06562538631468434
63131,KXHIGHMIA-26MAY15-B87.5,2026-05-15 22:43:19.858431+00:00,KMIA,2026-05-15,0,0,197,85.71851437331456,2.4356554351377815,0.03289260718166041,0.3401015228426396,0.31660552292696537,"bias=+2.0,spread=1.00",0.0010819236072070182,0.11566904583988251,0.10023905714785719
63132,KXHIGHNY-26MAY15-B65.5,2026-05-15 22:43:20.546771+00:00,KNYC,2026-05-15,0,1,197,65.5251016157896,3.0225315063569544,0.479911572132664,0.19289340101522842,0.22930026312104768,"bias=+2.0,spread=1.00",0.27049197280151716,0.6514210621247648,0.5939780844252863
63133,KXHIGHNY-26MAY15-T72,2026-05-15 22:43:21.181721+00:00,KNYC,2026-05-15,0,0,197,65.5251016157896,3.0225315063569544,0.07902689087172521,0.0,0.03504242552264181,"bias=+2.0,spread=1.00",0.006245249480851565,0.0,0.001227971586509898
63140,KXHIGHNY-26MAY15-T65,2026-05-15 22:43:25.539177+00:00,KNYC,2026-05-15,0,0,197,65.5251016157896,3.0225315063569544,0.05458783470282001,0.4365482233502538,0.20173892840011787,"bias=+2.0,spread=1.00",0.0029798316975424006,0.19057435131026307,0.04069859523202788
63141,KXHIGHNY-26MAY15-B71.5,2026-05-15 22:43:26.149059+00:00,KNYC,2026-05-15,0,0,197,65.5251016157896,3.0225315063569544,0.08679430757646489,0.030456852791878174,0.09009853250497057,"bias=+2.0,spread=1.00",0.007533251827677991,0.0009276198819861373,0.00811774555954924
63142,KXHIGHNY-26MAY15-B69.5,2026-05-15 22:43:26.766195+00:00,KNYC,2026-05-15,0,0,197,65.5251016157896,3.0225315063569544,0.138520067530424,0.1065989847715736,0.18764532729428451,"bias=+2.0,spread=1.00",0.019187809108633228,0.01136334355433018,0.03521076885537916
63149,KXHIGHMIA-26MAY15-B91.5,2026-05-15 22:43:31.315508+00:00,KMIA,2026-05-15,0,0,197,85.71851437331456,2.4356554351377815,0.03289260718166039,0.0,0.07388266585905257,"bias=+2.0,spread=1.00",0.001081923607207017,0.0,0.005458648314440411
63150,KXHIGHMIA-26MAY15-B85.5,2026-05-15 22:43:31.925231+00:00,KMIA,2026-05-15,0,0,197,85.71851437331456,2.4356554351377815,0.03289260718166039,0.2639593908629442,0.2518148689050712,"bias=+2.0,spread=1.00",0.001081923607207017,0.06967456002473654,0.0634107282016782
63151,KXHIGHMIA-26MAY15-B89.5,2026-05-15 22:43:32.554220+00:00,KMIA,2026-05-15,0,0,197,85.71851437331456,2.4356554351377815,0.0328926071816604,0.050761421319796954,0.21045027636323732,"bias=+2.0,spread=1.00",0.0010819236072070173,0.0025767218944059366,0.044289318821362965
63152,KXHIGHMIA-26MAY15-T85,2026-05-15 22:43:33.188245+00:00,KMIA,2026-05-15,0,0,197,85.71851437331456,2.4356554351377815,0.0328926071816604,0.34517766497461927,0.13218269509379726,"bias=+2.0,spread=1.00",0.0010819236072070173,0.1191476203973305,0.017472264882259777
63153,KXHIGHMIA-26MAY15-T92,2026-05-15 22:43:33.760058+00:00,KMIA,2026-05-15,0,1,197,85.71851437331456,2.4356554351377815,0.84,0.0,0.015063970851876274,"bias=+2.0,spread=1.00",0.02560000000000001,1.0,0.9700989815140736
63160,KXHIGHCHI-26MAY15-B77.5,2026-05-15 22:43:38.153271+00:00,KMDW,2026-05-15,0,0,197,72.85905513240603,3.6284839874793415,0.2024187010623218,0.14720812182741116,0.15069592110024344,"bias=+2.0,spread=1.00",0.040973330539757595,0.02167023113195393,0.022709260636250794
63161,KXHIGHCHI-26MAY15-B75.5,2026-05-15 22:43:38.714733+00:00,KMDW,2026-05-15,0,1,197,72.85905513240603,3.6284839874793415,0.5924038152138776,0.17258883248730963,0.20692492382143268,"bias=+2.0,spread=1.00",0.1661346498522028,0.6846092401247134,0.6289680764556403
63162,KXHIGHCHI-26MAY15-T78,2026-05-15 22:43:39.326011+00:00,KMDW,2026-05-15,0,0,197,72.85905513240603,3.6284839874793415,0.09318244141669332,0.025380710659898477,0.12688653334932143,"bias=+2.0,spread=1.00",0.008682967388375483,0.0006441804736014841,0.016100192345408458
63163,KXHIGHCHI-26MAY15-B73.5,2026-05-15 22:43:39.957702+00:00,KMDW,2026-05-15,0,0,197,72.85905513240603,3.6284839874793415,0.016179408166878344,0.14720812182741116,0.21128971416507275,"bias=+2.0,spread=1.00",0.00026177324863044965,0.02167023113195393,0.04464334331195814
63164,KXHIGHCHI-26MAY15-T71,2026-05-15 22:43:40.596283+00:00,KMDW,2026-05-15,0,0,197,72.85905513240603,3.6284839874793415,0.016179408166878267,0.38071065989847713,0.1437674890108932,"bias=+2.0,spread=1.00",0.00026177324863044715,0.14494060656033392,0.020669090896497298
63165,KXHIGHCHI-26MAY15-B71.5,2026-05-15 22:43:41.228965+00:00,KMDW,2026-05-15,0,0,197,72.85905513240603,3.6284839874793415,0.01617940816687828,0.12690355329949238,0.1604354185530365,"bias=+2.0,spread=1.00",0.00026177324863044764,0.016104511840037104,0.02573952352628801
63166,KXHIGHNY-26MAY15-B67.5,2026-05-15 22:43:41.869804+00:00,KNYC,2026-05-15,0,0,197,65.5251016157896,3.0225315063569544,0.2739119862871509,0.233502538071066,0.25617452315693756,"bias=+2.0,spread=1.00",0.07502777623177234,0.054523435285629626,0.06562538631468434
63167,KXHIGHNY-26MAY15-B65.5,2026-05-15 22:48:44.481118+00:00,KNYC,2026-05-15,0,1,197,65.5251016157896,3.0225315063569544,0.4796215337886265,0.19289340101522842,0.22930026312104768,"bias=+2.0,spread=1.00",0.2707937480965016,0.6514210621247648,0.5939780844252863
63168,KXHIGHNY-26MAY15-T72,2026-05-15 22:48:45.128621+00:00,KNYC,2026-05-15,0,0,197,65.5251016157896,3.0225315063569544,0.07899359451790156,0.0,0.03504242552264181,"bias=+2.0,spread=1.00",0.006239987974858647,0.0,0.001227971586509898
63169,KXHIGHNY-26MAY15-B71.5,2026-05-15 22:48:45.753812+00:00,KNYC,2026-05-15,0,0,197,65.5251016157896,3.0225315063569544,0.08675350153208439,0.030456852791878174,0.09009853250497057,"bias=+2.0,spread=1.00",0.007526170028077368,0.0009276198819861373,0.00811774555954924
63176,KXHIGHNY-26MAY15-B67.5,2026-05-15 22:48:50.275210+00:00,KNYC,2026-05-15,0,0,197,65.5251016157896,3.0225315063569544,0.2743669425512926,0.233502538071066,0.25617452315693756,"bias=+2.0,spread=1.00",0.07527721916494431,0.054523435285629626,0.06562538631468434
63177,KXHIGHNY-26MAY15-T65,2026-05-15 22:48:50.888271+00:00,KNYC,2026-05-15,0,0,197,65.5251016157896,3.0225315063569544,0.05458783470282001,0.4365482233502538,0.20173892840011787,"bias=+2.0,spread=1.00",0.0029798316975424006,0.19057435131026307,0.04069859523202788
63178,KXHIGHNY-26MAY15-B69.5,2026-05-15 22:48:51.511218+00:00,KNYC,2026-05-15,0,0,197,65.5251016157896,3.0225315063569544,0.13842925200852396,0.1065989847715736,0.18764532729428451,"bias=+2.0,spread=1.00",0.019162657811639436,0.01136334355433018,0.03521076885537916
63185,KXHIGHMIA-26MAY15-B91.5,2026-05-15 22:48:55.821681+00:00,KMIA,2026-05-15,0,0,197,85.71851437331456,2.4356554351377815,0.03289260718166041,0.0,0.07388266585905257,"bias=+2.0,spread=1.00",0.0010819236072070182,0.0,0.005458648314440411
63186,KXHIGHMIA-26MAY15-T92,2026-05-15 22:48:56.402885+00:00,KMIA,2026-05-15,0,1,197,85.71851437331456,2.4356554351377815,0.84,0.0,0.015063970851876274,"bias=+2.0,spread=1.00",0.02560000000000001,1.0,0.9700989815140736
63187,KXHIGHMIA-26MAY15-B85.5,2026-05-15 22:48:57.019164+00:00,KMIA,2026-05-15,0,0,197,85.71851437331456,2.4356554351377815,0.03289260718166039,0.2639593908629442,0.2518148689050712,"bias=+2.0,spread=1.00",0.001081923607207017,0.06967456002473654,0.0634107282016782
63188,KXHIGHMIA-26MAY15-B89.5,2026-05-15 22:48:57.728538+00:00,KMIA,2026-05-15,0,0,197,85.71851437331456,2.4356554351377815,0.03289260718166041,0.050761421319796954,0.21045027636323732,"bias=+2.0,spread=1.00",0.0010819236072070182,0.0025767218944059366,0.044289318821362965
63189,KXHIGHMIA-26MAY15-B87.5,2026-05-15 22:48:58.351952+00:00,KMIA,2026-05-15,0,0,197,85.71851437331456,2.4356554351377815,0.0328926071816604,0.3401015228426396,0.31660552292696537,"bias=+2.0,spread=1.00",0.0010819236072070173,0.11566904583988251,0.10023905714785719
63190,KXHIGHMIA-26MAY15-T85,2026-05-15 22:48:58.952876+00:00,KMIA,2026-05-15,0,0,197,85.71851437331456,2.4356554351377815,0.03289260718166041,0.34517766497461927,0.13218269509379726,"bias=+2.0,spread=1.00",0.0010819236072070182,0.1191476203973305,0.017472264882259777
63197,KXHIGHCHI-26MAY15-B75.5,2026-05-15 22:49:03.457850+00:00,KMDW,2026-05-15,0,1,197,72.85905513240603,3.6284839874793415,0.591819468854255,0.17258883248730963,0.20692492382143268,"bias=+2.0,spread=1.00",0.16661134600642255,0.6846092401247134,0.6289680764556403
63198,KXHIGHCHI-26MAY15-B77.5,2026-05-15 22:49:04.048218+00:00,KMDW,2026-05-15,0,0,197,72.85905513240603,3.6284839874793415,0.20300198208625053,0.14720812182741116,0.15069592110024344,"bias=+2.0,spread=1.00",0.04120980473094638,0.02167023113195393,0.022709260636250794
63199,KXHIGHCHI-26MAY15-T71,2026-05-15 22:49:04.683732+00:00,KMDW,2026-05-15,0,0,197,72.85905513240603,3.6284839874793415,0.016179408166878254,0.38071065989847713,0.1437674890108932,"bias=+2.0,spread=1.00",0.0002617732486304467,0.14494060656033392,0.020669090896497298
63200,KXHIGHCHI-26MAY15-T78,2026-05-15 22:49:05.314104+00:00,KMDW,2026-05-15,0,0,197,72.85905513240603,3.6284839874793415,0.09318350675238722,0.025380710659898477,0.12688653334932143,"bias=+2.0,spread=1.00",0.008683165930672195,0.0006441804736014841,0.016100192345408458
63201,KXHIGHCHI-26MAY15-B71.5,2026-05-15 22:49:05.926066+00:00,KMDW,2026-05-15,0,0,197,72.85905513240603,3.6284839874793415,0.016179408166878267,0.12690355329949238,0.1604354185530365,"bias=+2.0,spread=1.00",0.00026177324863044715,0.016104511840037104,0.02573952352628801
63202,KXHIGHCHI-26MAY15-B73.5,2026-05-15 22:49:06.538974+00:00,KMDW,2026-05-15,0,0,197,72.85905513240603,3.6284839874793415,0.016179408166878264,0.14720812182741116,0.21128971416507275,"bias=+2.0,spread=1.00",0.00026177324863044704,0.02167023113195393,0.04464334331195814
63208,KXHIGHNY-26MAY15-B67.5,2026-05-15 22:54:12.555728+00:00,KNYC,2026-05-15,0,0,197,65.5251016157896,3.0225315063569544,0.2748201391699641,0.233502538071066,0.25617452315693756,"bias=+2.0,spread=1.00",0.07552610889339845,0.054523435285629626,0.06562538631468434
63213,KXHIGHMIA-26MAY15-B91.5,2026-05-15 22:54:15.699053+00:00,KMIA,2026-05-15,0,0,197,85.71851437331456,2.4356554351377815,0.0328926071816604,0.0,0.07388266585905257,"bias=+2.0,spread=1.00",0.0010819236072070173,0.0,0.005458648314440411
63214,KXHIGHMIA-26MAY15-T92,2026-05-15 22:54:16.254166+00:00,KMIA,2026-05-15,0,1,197,85.71851437331456,2.4356554351377815,0.84,0.0,0.015063970851876274,"bias=+2.0,spread=1.00",0.02560000000000001,1.0,0.9700989815140736
63215,KXHIGHMIA-26MAY15-B89.5,2026-05-15 22:54:16.849702+00:00,KMIA,2026-05-15,0,0,197,85.71851437331456,2.4356554351377815,0.0328926071816604,0.050761421319796954,0.21045027636323732,"bias=+2.0,spread=1.00",0.0010819236072070173,0.0025767218944059366,0.044289318821362965
63216,KXHIGHMIA-26MAY15-T85,2026-05-15 22:54:17.459461+00:00,KMIA,2026-05-15,0,0,197,85.71851437331456,2.4356554351377815,0.0328926071816604,0.34517766497461927,0.13218269509379726,"bias=+2.0,spread=1.00",0.0010819236072070173,0.1191476203973305,0.017472264882259777
63217,KXHIGHMIA-26MAY15-B85.5,2026-05-15 22:54:18.151185+00:00,KMIA,2026-05-15,0,0,197,85.71851437331456,2.4356554351377815,0.0328926071816604,0.2639593908629442,0.2518148689050712,"bias=+2.0,spread=1.00",0.0010819236072070173,0.06967456002473654,0.0634107282016782
63218,KXHIGHMIA-26MAY15-B87.5,2026-05-15 22:54:18.791949+00:00,KMIA,2026-05-15,0,0,197,85.71851437331456,2.4356554351377815,0.0328926071816604,0.3401015228426396,0.31660552292696537,"bias=+2.0,spread=1.00",0.0010819236072070173,0.11566904583988251,0.10023905714785719
63225,KXHIGHCHI-26MAY15-T71,2026-05-15 22:54:23.196931+00:00,KMDW,2026-05-15,0,0,197,72.85905513240603,3.6284839874793415,0.016179408166878264,0.38071065989847713,0.1437674890108932,"bias=+2.0,spread=1.00",0.00026177324863044704,0.14494060656033392,0.020669090896497298
63226,KXHIGHCHI-26MAY15-T78,2026-05-15 22:54:23.805223+00:00,KMDW,2026-05-15,0,0,197,72.85905513240603,3.6284839874793415,0.0931847879514689,0.025380710659898477,0.12688653334932143,"bias=+2.0,spread=1.00",0.008683404705560222,0.0006441804736014841,0.016100192345408458
63227,KXHIGHCHI-26MAY15-B75.5,2026-05-15 22:54:24.356210+00:00,KMDW,2026-05-15,0,1,197,72.85905513240603,3.6284839874793415,0.5912365525139116,0.17258883248730963,0.20692492382143268,"bias=+2.0,spread=1.00",0.16708755600071215,0.6846092401247134,0.6289680764556403
63228,KXHIGHCHI-26MAY15-B73.5,2026-05-15 22:54:24.976192+00:00,KMDW,2026-05-15,0,0,197,72.85905513240603,3.6284839874793415,0.016179408166878254,0.14720812182741116,0.21128971416507275,"bias=+2.0,spread=1.00",0.0002617732486304467,0.02167023113195393,0.04464334331195814
63229,KXHIGHCHI-26MAY15-B71.5,2026-05-15 22:54:25.632354+00:00,KMDW,2026-05-15,0,0,197,72.85905513240603,3.6284839874793415,0.016179408166878264,0.12690355329949238,0.1604354185530365,"bias=+2.0,spread=1.00",0.00026177324863044704,0.016104511840037104,0.02573952352628801
63230,KXHIGHCHI-26MAY15-B77.5,2026-05-15 22:54:26.234487+00:00,KMDW,2026-05-15,0,0,197,72.85905513240603,3.6284839874793415,0.20358361722751214,0.14720812182741116,0.15069592110024344,"bias=+2.0,spread=1.00",0.04144628920343818,0.02167023113195393,0.022709260636250794
63231,KXHIGHNY-26MAY15-B65.5,2026-05-15 22:54:26.792929+00:00,KNYC,2026-05-15,0,1,197,65.5251016157896,3.0225315063569544,0.47933248734218037,0.19289340101522842,0.22930026312104768,"bias=+2.0,spread=1.00",0.2710946587372808,0.6514210621247648,0.5939780844252863
63232,KXHIGHNY-26MAY15-T72,2026-05-15 22:54:27.445263+00:00,KNYC,2026-05-15,0,0,197,65.5251016157896,3.0225315063569544,0.0789604531697008,0.0,0.03504242552264181,"bias=+2.0,spread=1.00",0.006234753164764512,0.0,0.001227971586509898
63233,KXHIGHNY-26MAY15-B71.5,2026-05-15 22:54:28.094637+00:00,KNYC,2026-05-15,0,0,197,65.5251016157896,3.0225315063569544,0.08671288545343914,0.030456852791878174,0.09009853250497057,"bias=+2.0,spread=1.00",0.007519124503661257,0.0009276198819861373,0.00811774555954924
63235,KXHIGHNY-26MAY15-T65,2026-05-15 22:54:29.360492+00:00,KNYC,2026-05-15,0,0,197,65.5251016157896,3.0225315063569544,0.05458783470282001,0.4365482233502538,0.20173892840011787,"bias=+2.0,spread=1.00",0.0029798316975424006,0.19057435131026307,0.04069859523202788
63236,KXHIGHNY-26MAY15-B69.5,2026-05-15 22:54:29.995353+00:00,KNYC,2026-05-15,0,0,197,65.5251016157896,3.0225315063569544,0.1383388592631446,0.1065989847715736,0.18764532729428451,"bias=+2.0,spread=1.00",0.019137639982228127,0.01136334355433018,0.03521076885537916
63246,KXHIGHNY-26MAY15-B69.5,2026-05-15 22:59:46.264583+00:00,KNYC,2026-05-15,0,0,197,65.5251016157896,3.0225315063569544,0.13824691386191834,0.1065989847715736,0.18764532729428451,"bias=+2.0,spread=1.00",0.01911220919234467,0.01136334355433018,0.03521076885537916
63247,KXHIGHNY-26MAY15-B67.5,2026-05-15 22:59:46.871090+00:00,KNYC,2026-05-15,0,0,197,65.5251016157896,3.0225315063569544,0.2752814910869184,0.233502538071066,0.25617452315693756,"bias=+2.0,spread=1.00",0.07577989933503713,0.054523435285629626,0.06562538631468434
63248,KXHIGHNY-26MAY15-B65.5,2026-05-15 22:59:47.443252+00:00,KNYC,2026-05-15,0,1,197,65.5251016157896,3.0225315063569544,0.4790381051680208,0.19289340101522842,0.22930026312104768,"bias=+2.0,spread=1.00",0.27140129586692613,0.6514210621247648,0.5939780844252863
63252,KXHIGHMIA-26MAY15-T92,2026-05-15 22:59:49.995490+00:00,KMIA,2026-05-15,0,1,197,85.71851437331456,2.4356554351377815,0.84,0.0,0.015063970851876274,"bias=+2.0,spread=1.00",0.02560000000000001,1.0,0.9700989815140736
63253,KXHIGHMIA-26MAY15-B91.5,2026-05-15 22:59:50.606890+00:00,KMIA,2026-05-15,0,0,197,85.71851437331456,2.4356554351377815,0.0328926071816604,0.0,0.07388266585905257,"bias=+2.0,spread=1.00",0.0010819236072070173,0.0,0.005458648314440411
63254,KXHIGHMIA-26MAY15-B89.5,2026-05-15 22:59:51.206329+00:00,KMIA,2026-05-15,0,0,197,85.71851437331456,2.4356554351377815,0.0328926071816604,0.050761421319796954,0.21045027636323732,"bias=+2.0,spread=1.00",0.0010819236072070173,0.0025767218944059366,0.044289318821362965
63255,KXHIGHMIA-26MAY15-B87.5,2026-05-15 22:59:51.831326+00:00,KMIA,2026-05-15,0,0,197,85.71851437331456,2.4356554351377815,0.0328926071816604,0.3401015228426396,0.31660552292696537,"bias=+2.0,spread=1.00",0.0010819236072070173,0.11566904583988251,0.10023905714785719
63256,KXHIGHMIA-26MAY15-B85.5,2026-05-15 22:59:52.466311+00:00,KMIA,2026-05-15,0,0,197,85.71851437331456,2.4356554351377815,0.0328926071816604,0.2639593908629442,0.2518148689050712,"bias=+2.0,spread=1.00",0.0010819236072070173,0.06967456002473654,0.0634107282016782
63257,KXHIGHMIA-26MAY15-T85,2026-05-15 22:59:53.087954+00:00,KMIA,2026-05-15,0,0,197,85.71851437331456,2.4356554351377815,0.0328926071816604,0.34517766497461927,0.13218269509379726,"bias=+2.0,spread=1.00",0.0010819236072070173,0.1191476203973305,0.017472264882259777
63264,KXHIGHCHI-26MAY15-B73.5,2026-05-15 22:59:57.587345+00:00,KMDW,2026-05-15,0,0,197,72.85905513240603,3.6284839874793415,0.01617940816687824,0.14720812182741116,0.21128971416507275,"bias=+2.0,spread=1.00",0.0002617732486304463,0.02167023113195393,0.04464334331195814
63265,KXHIGHCHI-26MAY15-B71.5,2026-05-15 22:59:58.188006+00:00,KMDW,2026-05-15,0,0,197,72.85905513240603,3.6284839874793415,0.016179408166878267,0.12690355329949238,0.1604354185530365,"bias=+2.0,spread=1.00",0.00026177324863044715,0.016104511840037104,0.02573952352628801
63266,KXHIGHCHI-26MAY15-T71,2026-05-15 22:59:58.800690+00:00,KMDW,2026-05-15,0,0,197,72.85905513240603,3.6284839874793415,0.016179408166878274,0.38071065989847713,0.1437674890108932,"bias=+2.0,spread=1.00",0.0002617732486304474,0.14494060656033392,0.020669090896497298
63267,KXHIGHCHI-26MAY15-T78,2026-05-15 22:59:59.443550+00:00,KMDW,2026-05-15,0,0,197,72.85905513240603,3.6284839874793415,0.09318632012904729,0.025380710659898477,0.12688653334932143,"bias=+2.0,spread=1.00",0.008683690259193284,0.0006441804736014841,0.016100192345408458
63268,KXHIGHCHI-26MAY15-B75.5,2026-05-15 23:00:05.036408+00:00,KMDW,2026-05-15,0,1,197,72.85905513240603,3.6284839874793415,0.5906422916074112,0.17258883248730963,0.20692492382143268,"bias=+2.0,spread=1.00",0.16757373342043175,0.6846092401247134,0.6289680764556403
63269,KXHIGHCHI-26MAY15-B77.5,2026-05-15 23:00:05.799313+00:00,KMDW,2026-05-15,0,0,197,72.85905513240603,3.6284839874793415,0.20417634595643422,0.14720812182741116,0.15069592110024344,"bias=+2.0,spread=1.00",0.04168798024812151,0.02167023113195393,0.022709260636250794
63270,KXHIGHNY-26MAY15-T72,2026-05-15 23:00:06.442034+00:00,KNYC,2026-05-15,0,0,197,65.5251016157896,3.0225315063569544,0.07892674256002019,0.0,0.03504242552264181,"bias=+2.0,spread=1.00",0.006229430691135703,0.0,0.001227971586509898
63271,KXHIGHNY-26MAY15-B71.5,2026-05-15 23:00:07.797633+00:00,KNYC,2026-05-15,0,0,197,65.5251016157896,3.0225315063569544,0.08667157172155127,0.030456852791878174,0.09009853250497057,"bias=+2.0,spread=1.00",0.0075119613446840055,0.0009276198819861373,0.00811774555954924
63273,KXHIGHNY-26MAY15-T65,2026-05-15 23:00:09.118505+00:00,KNYC,2026-05-15,0,0,197,65.5251016157896,3.0225315063569544,0.05458783470282001,0.4365482233502538,0.20173892840011787,"bias=+2.0,spread=1.00",0.0029798316975424006,0.19057435131026307,0.04069859523202788
63277,KXHIGHNY-26MAY15-B65.5,2026-05-15 23:05:13.649802+00:00,KNYC,2026-05-15,0,1,197,65.5251016157896,3.0225315063569544,0.3507970416530949,0.19289340101522842,0.22930026312104768,"bias=+2.0,spread=1.00",0.4214644811263734,0.6514210621247648,0.5939780844252863
63282,KXHIGHNY-26MAY15-B67.5,2026-05-15 23:05:16.945376+00:00,KNYC,2026-05-15,0,0,197,65.5251016157896,3.0225315063569544,0.29624837183447134,0.233502538071066,0.25617452315693756,"bias=+2.0,spread=1.00",0.08776309781457518,0.054523435285629626,0.06562538631468434
63283,KXHIGHNY-26MAY15-T72,2026-05-15 23:05:17.593055+00:00,KNYC,2026-05-15,0,0,197,65.5251016157896,3.0225315063569544,0.09849015652063964,0.0,0.03504242552264181,"bias=+2.0,spread=1.00",0.009700310931460095,0.0,0.001227971586509898
63284,KXHIGHNY-26MAY15-B69.5,2026-05-15 23:05:18.206577+00:00,KNYC,2026-05-15,0,0,197,65.5251016157896,3.0225315063569544,0.1400270633209135,0.1065989847715736,0.18764532729428451,"bias=+2.0,spread=1.00",0.01960757846227912,0.01136334355433018,0.03521076885537916
63289,KXHIGHMIA-26MAY15-B91.5,2026-05-15 23:05:21.490189+00:00,KMIA,2026-05-15,0,0,197,85.71851437331456,2.4356554351377815,0.0328926071816604,0.0,0.07388266585905257,"bias=+2.0,spread=1.00",0.0010819236072070173,0.0,0.005458648314440411
63290,KXHIGHMIA-26MAY15-T92,2026-05-15 23:05:22.098355+00:00,KMIA,2026-05-15,0,1,197,85.71851437331456,2.4356554351377815,0.84,0.0,0.015063970851876274,"bias=+2.0,spread=1.00",0.02560000000000001,1.0,0.9700989815140736
63291,KXHIGHMIA-26MAY15-B89.5,2026-05-15 23:05:22.695466+00:00,KMIA,2026-05-15,0,0,197,85.71851437331456,2.4356554351377815,0.03289260718166041,0.050761421319796954,0.21045027636323732,"bias=+2.0,spread=1.00",0.0010819236072070182,0.0025767218944059366,0.044289318821362965
63292,KXHIGHMIA-26MAY15-B87.5,2026-05-15 23:05:23.330754+00:00,KMIA,2026-05-15,0,0,197,85.71851437331456,2.4356554351377815,0.0328926071816604,0.3401015228426396,0.31660552292696537,"bias=+2.0,spread=1.00",0.0010819236072070173,0.11566904583988251,0.10023905714785719
63293,KXHIGHMIA-26MAY15-B85.5,2026-05-15 23:05:24.001797+00:00,KMIA,2026-05-15,0,0,197,85.71851437331456,2.4356554351377815,0.0328926071816604,0.2639593908629442,0.2518148689050712,"bias=+2.0,spread=1.00",0.0010819236072070173,0.06967456002473654,0.0634107282016782
63294,KXHIGHMIA-26MAY15-T85,2026-05-15 23:05:24.636935+00:00,KMIA,2026-05-15,0,0,197,85.71851437331456,2.4356554351377815,0.03289260718166041,0.34517766497461927,0.13218269509379726,"bias=+2.0,spread=1.00",0.0010819236072070182,0.1191476203973305,0.017472264882259777
63301,KXHIGHCHI-26MAY15-B75.5,2026-05-15 23:05:29.069329+00:00,KMDW,2026-05-15,0,1,197,72.85905513240603,3.6284839874793415,0.6157612222508821,0.17258883248730963,0.20692492382143268,"bias=+2.0,spread=1.00",0.147639438326136,0.6846092401247134,0.6289680764556403
63302,KXHIGHCHI-26MAY15-T78,2026-05-15 23:05:29.692335+00:00,KMDW,2026-05-15,0,0,197,72.85905513240603,3.6284839874793415,0.09330480419681568,0.025380710659898477,0.12688653334932143,"bias=+2.0,spread=1.00",0.008705786486206114,0.0006441804736014841,0.016100192345408458
63303,KXHIGHCHI-26MAY15-B73.5,2026-05-15 23:05:30.323807+00:00,KMDW,2026-05-15,0,0,197,72.85905513240603,3.6284839874793415,0.016179408166878274,0.14720812182741116,0.21128971416507275,"bias=+2.0,spread=1.00",0.0002617732486304474,0.02167023113195393,0.04464334331195814
63304,KXHIGHCHI-26MAY15-B71.5,2026-05-15 23:05:30.927978+00:00,KMDW,2026-05-15,0,0,197,72.85905513240603,3.6284839874793415,0.01617940816687828,0.12690355329949238,0.1604354185530365,"bias=+2.0,spread=1.00",0.00026177324863044764,0.016104511840037104,0.02573952352628801
63305,KXHIGHCHI-26MAY15-T71,2026-05-15 23:05:31.541881+00:00,KMDW,2026-05-15,0,0,197,72.85905513240603,3.6284839874793415,0.016179408166878236,0.38071065989847713,0.1437674890108932,"bias=+2.0,spread=1.00",0.0002617732486304462,0.14494060656033392,0.020669090896497298
63306,KXHIGHCHI-26MAY15-B77.5,2026-05-15 23:05:32.257137+00:00,KMDW,2026-05-15,0,0,197,72.85905513240603,3.6284839874793415,0.1624001895823959,0.14720812182741116,0.15069592110024344,"bias=+2.0,spread=1.00",0.026373821576398133,0.02167023113195393,0.022709260636250794
63307,KXHIGHNY-26MAY15-B71.5,2026-05-15 23:05:32.890068+00:00,KNYC,2026-05-15,0,0,197,65.5251016157896,3.0225315063569544,0.11064733623132972,0.030456852791878174,0.09009853250497057,"bias=+2.0,spread=1.00",0.01224283301508893,0.0009276198819861373,0.00811774555954924
63309,KXHIGHNY-26MAY15-T65,2026-05-15 23:05:34.165237+00:00,KNYC,2026-05-15,0,0,197,65.5251016157896,3.0225315063569544,0.05458783470282001,0.4365482233502538,0.20173892840011787,"bias=+2.0,spread=1.00",0.0029798316975424006,0.19057435131026307,0.04069859523202788
63313,KXHIGHNY-26MAY15-B65.5,2026-05-15 23:10:37.615877+00:00,KNYC,2026-05-15,0,1,197,65.5251016157896,3.0225315063569544,0.351848007767437,0.19289340101522842,0.22930026312104768,"bias=+2.0,spread=1.00",0.42010100503504033,0.6514210621247648,0.5939780844252863
63319,KXHIGHNY-26MAY15-B69.5,2026-05-15 23:10:41.286909+00:00,KNYC,2026-05-15,0,0,197,65.5251016157896,3.0225315063569544,0.13976702020445028,0.1065989847715736,0.18764532729428451,"bias=+2.0,spread=1.00",0.01953481993683121,0.01136334355433018,0.03521076885537916
63320,KXHIGHNY-26MAY15-B67.5,2026-05-15 23:10:41.869842+00:00,KNYC,2026-05-15,0,0,197,65.5251016157896,3.0225315063569544,0.29566963523560863,0.233502538071066,0.25617452315693756,"bias=+2.0,spread=1.00",0.08742053320035786,0.054523435285629626,0.06562538631468434
63321,KXHIGHNY-26MAY15-T72,2026-05-15 23:10:42.469345+00:00,KNYC,2026-05-15,0,0,197,65.5251016157896,3.0225315063569544,0.09839481502576952,0.0,0.03504242552264181,"bias=+2.0,spread=1.00",0.009681539623955399,0.0,0.001227971586509898
63322,KXHIGHNY-26MAY15-B71.5,2026-05-15 23:10:43.105842+00:00,KNYC,2026-05-15,0,0,197,65.5251016157896,3.0225315063569544,0.11053049132718362,0.030456852791878174,0.09009853250497057,"bias=+2.0,spread=1.00",0.012216989513028614,0.0009276198819861373,0.00811774555954924
63323,KXHIGHNY-26MAY15-T65,2026-05-15 23:10:43.740742+00:00,KNYC,2026-05-15,0,0,197,65.5251016157896,3.0225315063569544,0.05458783470282001,0.4365482233502538,0.20173892840011787,"bias=+2.0,spread=1.00",0.0029798316975424006,0.19057435131026307,0.04069859523202788
63328,KXHIGHMIA-26MAY15-B91.5,2026-05-15 23:10:46.889901+00:00,KMIA,2026-05-15,0,0,197,85.71851437331456,2.4356554351377815,0.0328926071816604,0.0,0.07388266585905257,"bias=+2.0,spread=1.00",0.0010819236072070173,0.0,0.005458648314440411
63329,KXHIGHMIA-26MAY15-B89.5,2026-05-15 23:10:47.526148+00:00,KMIA,2026-05-15,0,0,197,85.71851437331456,2.4356554351377815,0.0328926071816604,0.050761421319796954,0.21045027636323732,"bias=+2.0,spread=1.00",0.0010819236072070173,0.0025767218944059366,0.044289318821362965
63330,KXHIGHMIA-26MAY15-T85,2026-05-15 23:10:48.202667+00:00,KMIA,2026-05-15,0,0,197,85.71851437331456,2.4356554351377815,0.03289260718166041,0.34517766497461927,0.13218269509379726,"bias=+2.0,spread=1.00",0.0010819236072070182,0.1191476203973305,0.017472264882259777
63331,KXHIGHMIA-26MAY15-T92,2026-05-15 23:10:48.788324+00:00,KMIA,2026-05-15,0,1,197,85.71851437331456,2.4356554351377815,0.84,0.0,0.015063970851876274,"bias=+2.0,spread=1.00",0.02560000000000001,1.0,0.9700989815140736
63332,KXHIGHMIA-26MAY15-B87.5,2026-05-15 23:10:49.398967+00:00,KMIA,2026-05-15,0,0,197,85.71851437331456,2.4356554351377815,0.0328926071816604,0.3401015228426396,0.31660552292696537,"bias=+2.0,spread=1.00",0.0010819236072070173,0.11566904583988251,0.10023905714785719
63333,KXHIGHMIA-26MAY15-B85.5,2026-05-15 23:10:50.068367+00:00,KMIA,2026-05-15,0,0,197,85.71851437331456,2.4356554351377815,0.03289260718166041,0.2639593908629442,0.2518148689050712,"bias=+2.0,spread=1.00",0.0010819236072070182,0.06967456002473654,0.0634107282016782
63340,KXHIGHCHI-26MAY15-B77.5,2026-05-15 23:10:54.454527+00:00,KMDW,2026-05-15,0,0,197,72.85905513240603,3.6284839874793415,0.1628959565253254,0.14720812182741116,0.15069592110024344,"bias=+2.0,spread=1.00",0.026535092652300703,0.02167023113195393,0.022709260636250794
63341,KXHIGHCHI-26MAY15-T78,2026-05-15 23:10:55.071046+00:00,KMDW,2026-05-15,0,0,197,72.85905513240603,3.6284839874793415,0.09329918836044318,0.025380710659898477,0.12688653334932143,"bias=+2.0,spread=1.00",0.008704738548717457,0.0006441804736014841,0.016100192345408458
63342,KXHIGHCHI-26MAY15-B73.5,2026-05-15 23:10:55.702634+00:00,KMDW,2026-05-15,0,0,197,72.85905513240603,3.6284839874793415,0.016179408166878254,0.14720812182741116,0.21128971416507275,"bias=+2.0,spread=1.00",0.0002617732486304467,0.02167023113195393,0.04464334331195814
63344,KXHIGHCHI-26MAY15-B71.5,2026-05-15 23:10:56.998520+00:00,KMDW,2026-05-15,0,0,197,72.85905513240603,3.6284839874793415,0.01617940816687824,0.12690355329949238,0.1604354185530365,"bias=+2.0,spread=1.00",0.0002617732486304463,0.016104511840037104,0.02573952352628801
63345,KXHIGHCHI-26MAY15-B75.5,2026-05-15 23:10:57.605936+00:00,KMDW,2026-05-15,0,1,197,72.85905513240603,3.6284839874793415,0.6152710711443251,0.17258883248730963,0.20692492382143268,"bias=+2.0,spread=1.00",0.14801634869843494,0.6846092401247134,0.6289680764556403
63346,KXHIGHCHI-26MAY15-T71,2026-05-15 23:10:58.227208+00:00,KMDW,2026-05-15,0,0,197,72.85905513240603,3.6284839874793415,0.01617940816687829,0.38071065989847713,0.1437674890108932,"bias=+2.0,spread=1.00",0.00026177324863044797,0.14494060656033392,0.020669090896497298
63348,KXHIGHNY-26MAY15-B65.5,2026-05-15 23:16:01.489629+00:00,KNYC,2026-05-15,0,1,197,65.5251016157896,3.0225315063569544,0.3528913716918336,0.19289340101522842,0.22930026312104768,"bias=+2.0,spread=1.00",0.41874957683087666,0.6514210621247648,0.5939780844252863
63350,KXHIGHNY-26MAY15-B71.5,2026-05-15 23:16:02.793629+00:00,KNYC,2026-05-15,0,0,197,65.5251016157896,3.0225315063569544,0.11041449162360373,0.030456852791878174,0.09009853250497057,"bias=+2.0,spread=1.00",0.012191359960498858,0.0009276198819861373,0.00811774555954924
63351,KXHIGHNY-26MAY15-T65,2026-05-15 23:16:03.472658+00:00,KNYC,2026-05-15,0,0,197,65.5251016157896,3.0225315063569544,0.05458783470282001,0.4365482233502538,0.20173892840011787,"bias=+2.0,spread=1.00",0.0029798316975424006,0.19057435131026307,0.04069859523202788
63357,KXHIGHNY-26MAY15-B67.5,2026-05-15 23:16:08.214334+00:00,KNYC,2026-05-15,0,0,197,65.5251016157896,3.0225315063569544,0.29509508494255776,0.233502538071066,0.25617452315693756,"bias=+2.0,spread=1.00",0.08708110915725538,0.054523435285629626,0.06562538631468434
63358,KXHIGHNY-26MAY15-T72,2026-05-15 23:16:08.840581+00:00,KNYC,2026-05-15,0,0,197,65.5251016157896,3.0225315063569544,0.0983001631860122,0.0,0.03504242552264181,"bias=+2.0,spread=1.00",0.009662922082396629,0.0,0.001227971586509898
63359,KXHIGHNY-26MAY15-B69.5,2026-05-15 23:16:09.516501+00:00,KNYC,2026-05-15,0,0,197,65.5251016157896,3.0225315063569544,0.13950885811644173,0.1065989847715736,0.18764532729428451,"bias=+2.0,spread=1.00",0.01946272149295347,0.01136334355433018,0.03521076885537916
63365,KXHIGHMIA-26MAY15-B91.5,2026-05-15 23:16:13.281230+00:00,KMIA,2026-05-15,0,0,197,85.71851437331456,2.4356554351377815,0.0328926071816604,0.0,0.07388266585905257,"bias=+2.0,spread=1.00",0.0010819236072070173,0.0,0.005458648314440411
63366,KXHIGHMIA-26MAY15-B89.5,2026-05-15 23:16:13.914920+00:00,KMIA,2026-05-15,0,0,197,85.71851437331456,2.4356554351377815,0.0328926071816604,0.050761421319796954,0.21045027636323732,"bias=+2.0,spread=1.00",0.0010819236072070173,0.0025767218944059366,0.044289318821362965
63367,KXHIGHMIA-26MAY15-T85,2026-05-15 23:16:14.539068+00:00,KMIA,2026-05-15,0,0,197,85.71851437331456,2.4356554351377815,0.03289260718166041,0.34517766497461927,0.13218269509379726,"bias=+2.0,spread=1.00",0.0010819236072070182,0.1191476203973305,0.017472264882259777
63368,KXHIGHMIA-26MAY15-T92,2026-05-15 23:16:15.113844+00:00,KMIA,2026-05-15,0,1,197,85.71851437331456,2.4356554351377815,0.84,0.0,0.015063970851876274,"bias=+2.0,spread=1.00",0.02560000000000001,1.0,0.9700989815140736
63369,KXHIGHMIA-26MAY15-B87.5,2026-05-15 23:16:15.752995+00:00,KMIA,2026-05-15,0,0,197,85.71851437331456,2.4356554351377815,0.03289260718166039,0.3401015228426396,0.31660552292696537,"bias=+2.0,spread=1.00",0.001081923607207017,0.11566904583988251,0.10023905714785719
63370,KXHIGHMIA-26MAY15-B85.5,2026-05-15 23:16:16.365355+00:00,KMIA,2026-05-15,0,0,197,85.71851437331456,2.4356554351377815,0.0328926071816604,0.2639593908629442,0.2518148689050712,"bias=+2.0,spread=1.00",0.0010819236072070173,0.06967456002473654,0.0634107282016782
63377,KXHIGHCHI-26MAY15-B77.5,2026-05-15 23:16:20.803409+00:00,KMDW,2026-05-15,0,0,197,72.85905513240603,3.6284839874793415,0.16338998371264674,0.14720812182741116,0.15069592110024344,"bias=+2.0,spread=1.00",0.026696286777618965,0.02167023113195393,0.022709260636250794
63378,KXHIGHCHI-26MAY15-B75.5,2026-05-15 23:16:21.347946+00:00,KMDW,2026-05-15,0,1,197,72.85905513240603,3.6284839874793415,0.6147825211282549,0.17258883248730963,0.20692492382143268,"bias=+2.0,spread=1.00",0.14839250602830337,0.6846092401247134,0.6289680764556403
63379,KXHIGHCHI-26MAY15-T78,2026-05-15 23:16:22.011739+00:00,KMDW,2026-05-15,0,0,197,72.85905513240603,3.6284839874793415,0.09329371118919205,0.025380710659898477,0.12688653334932143,"bias=+2.0,spread=1.00",0.008703716547452379,0.0006441804736014841,0.016100192345408458
63380,KXHIGHCHI-26MAY15-B73.5,2026-05-15 23:16:22.664226+00:00,KMDW,2026-05-15,0,0,197,72.85905513240603,3.6284839874793415,0.016179408166878267,0.14720812182741116,0.21128971416507275,"bias=+2.0,spread=1.00",0.00026177324863044715,0.02167023113195393,0.04464334331195814
63381,KXHIGHCHI-26MAY15-B71.5,2026-05-15 23:16:23.291525+00:00,KMDW,2026-05-15,0,0,197,72.85905513240603,3.6284839874793415,0.016179408166878302,0.12690355329949238,0.1604354185530365,"bias=+2.0,spread=1.00",0.0002617732486304483,0.016104511840037104,0.02573952352628801
63382,KXHIGHCHI-26MAY15-T71,2026-05-15 23:16:23.915428+00:00,KMDW,2026-05-15,0,0,197,72.85905513240603,3.6284839874793415,0.01617940816687829,0.38071065989847713,0.1437674890108932,"bias=+2.0,spread=1.00",0.00026177324863044797,0.14494060656033392,0.020669090896497298
63388,KXHIGHNY-26MAY15-B67.5,2026-05-15 23:21:44.674706+00:00,KNYC,2026-05-15,0,0,197,65.5251016157896,3.0225315063569544,0.29449481893853285,0.233502538071066,0.25617452315693756,"bias=+2.0,spread=1.00",0.08672719838163925,0.054523435285629626,0.06562538631468434
63389,KXHIGHNY-26MAY15-B69.5,2026-05-15 23:21:45.276253+00:00,KNYC,2026-05-15,0,0,197,65.5251016157896,3.0225315063569544,0.13923914121465705,0.1065989847715736,0.18764532729428451,"bias=+2.0,spread=1.00",0.01938753844619521,0.01136334355433018,0.03521076885537916
63390,KXHIGHNY-26MAY15-T72,2026-05-15 23:21:45.895174+00:00,KNYC,2026-05-15,0,0,197,65.5251016157896,3.0225315063569544,0.09820127492102981,0.0,0.03504242552264181,"bias=+2.0,spread=1.00",0.00964349039611568,0.0,0.001227971586509898
63395,KXHIGHMIA-26MAY15-B85.5,2026-05-15 23:21:49.072728+00:00,KMIA,2026-05-15,0,0,197,85.71851437331456,2.4356554351377815,0.0328926071816604,0.2639593908629442,0.2518148689050712,"bias=+2.0,spread=1.00",0.0010819236072070173,0.06967456002473654,0.0634107282016782
63396,KXHIGHMIA-26MAY15-B87.5,2026-05-15 23:21:49.690739+00:00,KMIA,2026-05-15,0,0,197,85.71851437331456,2.4356554351377815,0.03289260718166039,0.3401015228426396,0.31660552292696537,"bias=+2.0,spread=1.00",0.001081923607207017,0.11566904583988251,0.10023905714785719
63397,KXHIGHMIA-26MAY15-B91.5,2026-05-15 23:21:50.304508+00:00,KMIA,2026-05-15,0,0,197,85.71851437331456,2.4356554351377815,0.0328926071816604,0.0,0.07388266585905257,"bias=+2.0,spread=1.00",0.0010819236072070173,0.0,0.005458648314440411
63398,KXHIGHMIA-26MAY15-B89.5,2026-05-15 23:21:50.934354+00:00,KMIA,2026-05-15,0,0,197,85.71851437331456,2.4356554351377815,0.0328926071816604,0.050761421319796954,0.21045027636323732,"bias=+2.0,spread=1.00",0.0010819236072070173,0.0025767218944059366,0.044289318821362965
63399,KXHIGHMIA-26MAY15-T85,2026-05-15 23:21:51.547154+00:00,KMIA,2026-05-15,0,0,197,85.71851437331456,2.4356554351377815,0.03289260718166039,0.34517766497461927,0.13218269509379726,"bias=+2.0,spread=1.00",0.001081923607207017,0.1191476203973305,0.017472264882259777
63400,KXHIGHMIA-26MAY15-T92,2026-05-15 23:21:52.090415+00:00,KMIA,2026-05-15,0,1,197,85.71851437331456,2.4356554351377815,0.84,0.0,0.015063970851876274,"bias=+2.0,spread=1.00",0.02560000000000001,1.0,0.9700989815140736
63407,KXHIGHCHI-26MAY15-B77.5,2026-05-15 23:21:56.589378+00:00,KMDW,2026-05-15,0,0,197,72.85905513240603,3.6284839874793415,0.16390810225812524,0.14720812182741116,0.15069592110024344,"bias=+2.0,spread=1.00",0.026865865985860042,0.02167023113195393,0.022709260636250794
63408,KXHIGHCHI-26MAY15-B75.5,2026-05-15 23:21:57.164440+00:00,KMDW,2026-05-15,0,1,197,72.85905513240603,3.6284839874793415,0.6142700185414544,0.17258883248730963,0.20692492382143268,"bias=+2.0,spread=1.00",0.14878761859600997,0.6846092401247134,0.6289680764556403
63409,KXHIGHCHI-26MAY15-T78,2026-05-15 23:21:57.789246+00:00,KMDW,2026-05-15,0,0,197,72.85905513240603,3.6284839874793415,0.09328809523051416,0.025380710659898477,0.12688653334932143,"bias=+2.0,spread=1.00",0.00870266871173748,0.0006441804736014841,0.016100192345408458
63410,KXHIGHCHI-26MAY15-B73.5,2026-05-15 23:21:58.390678+00:00,KMDW,2026-05-15,0,0,197,72.85905513240603,3.6284839874793415,0.016179408166878264,0.14720812182741116,0.21128971416507275,"bias=+2.0,spread=1.00",0.00026177324863044704,0.02167023113195393,0.04464334331195814
63411,KXHIGHCHI-26MAY15-B71.5,2026-05-15 23:21:59.038611+00:00,KMDW,2026-05-15,0,0,197,72.85905513240603,3.6284839874793415,0.016179408166878285,0.12690355329949238,0.1604354185530365,"bias=+2.0,spread=1.00",0.00026177324863044775,0.016104511840037104,0.02573952352628801
63412,KXHIGHCHI-26MAY15-T71,2026-05-15 23:21:59.702419+00:00,KMDW,2026-05-15,0,0,197,72.85905513240603,3.6284839874793415,0.016179408166878264,0.38071065989847713,0.1437674890108932,"bias=+2.0,spread=1.00",0.00026177324863044704,0.14494060656033392,0.020669090896497298
63414,KXHIGHNY-26MAY15-B65.5,2026-05-15 23:22:01.029917+00:00,KNYC,2026-05-15,0,1,197,65.5251016157896,3.0225315063569544,0.35398143447870806,0.19289340101522842,0.22930026312104768,"bias=+2.0,spread=1.00",0.41733998699818786,0.6514210621247648,0.5939780844252863
63416,KXHIGHNY-26MAY15-B71.5,2026-05-15 23:22:02.308423+00:00,KNYC,2026-05-15,0,0,197,65.5251016157896,3.0225315063569544,0.11029330000752124,0.030456852791878174,0.09009853250497057,"bias=+2.0,spread=1.00",0.012164612026549086,0.0009276198819861373,0.00811774555954924
63417,KXHIGHNY-26MAY15-T65,2026-05-15 23:22:02.938448+00:00,KNYC,2026-05-15,0,0,197,65.5251016157896,3.0225315063569544,0.05458783470282001,0.4365482233502538,0.20173892840011787,"bias=+2.0,spread=1.00",0.0029798316975424006,0.19057435131026307,0.04069859523202788
63419,KXHIGHNY-26MAY15-B69.5,2026-05-15 23:27:09.702977+00:00,KNYC,2026-05-15,0,0,197,65.5251016157896,3.0225315063569544,0.13898146615029724,0.1065989847715736,0.18764532729428451,"bias=+2.0,spread=1.00",0.01931584793328622,0.01136334355433018,0.03521076885537916
63420,KXHIGHNY-26MAY15-T72,2026-05-15 23:27:10.342413+00:00,KNYC,2026-05-15,0,0,197,65.5251016157896,3.0225315063569544,0.0981068016422888,0.0,0.03504242552264181,"bias=+2.0,spread=1.00",0.0096249445284794,0.0,0.001227971586509898
63428,KXHIGHNY-26MAY15-B65.5,2026-05-15 23:27:16.336576+00:00,KNYC,2026-05-15,0,1,197,65.5251016157896,3.0225315063569544,0.3550228300935375,0.19289340101522842,0.22930026312104768,"bias=+2.0,spread=1.00",0.41599554970054975,0.6514210621247648,0.5939780844252863
63429,KXHIGHNY-26MAY15-B67.5,2026-05-15 23:27:16.931434+00:00,KNYC,2026-05-15,0,0,197,65.5251016157896,3.0225315063569544,0.2939213525365525,0.233502538071066,0.25617452315693756,"bias=+2.0,spread=1.00",0.08638976147691638,0.054523435285629626,0.06562538631468434
63430,KXHIGHNY-26MAY15-T65,2026-05-15 23:27:17.612610+00:00,KNYC,2026-05-15,0,0,197,65.5251016157896,3.0225315063569544,0.05458783470282001,0.4365482233502538,0.20173892840011787,"bias=+2.0,spread=1.00",0.0029798316975424006,0.19057435131026307,0.04069859523202788
63434,KXHIGHMIA-26MAY15-B91.5,2026-05-15 23:27:21.466031+00:00,KMIA,2026-05-15,0,0,197,85.71851437331456,2.4356554351377815,0.0328926071816604,0.0,0.07388266585905257,"bias=+2.0,spread=1.00",0.0010819236072070173,0.0,0.005458648314440411
63435,KXHIGHMIA-26MAY15-B89.5,2026-05-15 23:27:22.371212+00:00,KMIA,2026-05-15,0,0,197,85.71851437331456,2.4356554351377815,0.03289260718166041,0.050761421319796954,0.21045027636323732,"bias=+2.0,spread=1.00",0.0010819236072070182,0.0025767218944059366,0.044289318821362965
63436,KXHIGHMIA-26MAY15-T85,2026-05-15 23:27:22.978491+00:00,KMIA,2026-05-15,0,0,197,85.71851437331456,2.4356554351377815,0.0328926071816604,0.34517766497461927,0.13218269509379726,"bias=+2.0,spread=1.00",0.0010819236072070173,0.1191476203973305,0.017472264882259777
63437,KXHIGHMIA-26MAY15-T92,2026-05-15 23:27:23.548988+00:00,KMIA,2026-05-15,0,1,197,85.71851437331456,2.4356554351377815,0.84,0.0,0.015063970851876274,"bias=+2.0,spread=1.00",0.02560000000000001,1.0,0.9700989815140736
63438,KXHIGHMIA-26MAY15-B85.5,2026-05-15 23:27:24.189516+00:00,KMIA,2026-05-15,0,0,197,85.71851437331456,2.4356554351377815,0.0328926071816604,0.2639593908629442,0.2518148689050712,"bias=+2.0,spread=1.00",0.0010819236072070173,0.06967456002473654,0.0634107282016782
63439,KXHIGHMIA-26MAY15-B87.5,2026-05-15 23:27:24.886187+00:00,KMIA,2026-05-15,0,0,197,85.71851437331456,2.4356554351377815,0.0328926071816604,0.3401015228426396,0.31660552292696537,"bias=+2.0,spread=1.00",0.0010819236072070173,0.11566904583988251,0.10023905714785719
63446,KXHIGHCHI-26MAY15-B77.5,2026-05-15 23:27:30.713962+00:00,KMDW,2026-05-15,0,0,197,72.85905513240603,3.6284839874793415,0.1644049924773071,0.14720812182741116,0.15069592110024344,"bias=+2.0,spread=1.00",0.027029001551463407,0.02167023113195393,0.022709260636250794
63447,KXHIGHCHI-26MAY15-B75.5,2026-05-15 23:27:31.274212+00:00,KMDW,2026-05-15,0,1,197,72.85905513240603,3.6284839874793415,0.6137783900748394,0.17258883248730963,0.20692492382143268,"bias=+2.0,spread=1.00",0.14916713197318293,0.6846092401247134,0.6289680764556403
63448,KXHIGHCHI-26MAY15-T78,2026-05-15 23:27:31.923096+00:00,KMDW,2026-05-15,0,0,197,72.85905513240603,3.6284839874793415,0.09328283347794727,0.025380710659898477,0.12688653334932143,"bias=+2.0,spread=1.00",0.008701687021674441,0.0006441804736014841,0.016100192345408458
63449,KXHIGHCHI-26MAY15-B73.5,2026-05-15 23:27:33.298238+00:00,KMDW,2026-05-15,0,0,197,72.85905513240603,3.6284839874793415,0.01617940816687824,0.14720812182741116,0.21128971416507275,"bias=+2.0,spread=1.00",0.0002617732486304463,0.02167023113195393,0.04464334331195814
63450,KXHIGHCHI-26MAY15-B71.5,2026-05-15 23:27:33.944263+00:00,KMDW,2026-05-15,0,0,197,72.85905513240603,3.6284839874793415,0.016179408166878358,0.12690355329949238,0.1604354185530365,"bias=+2.0,spread=1.00",0.0002617732486304501,0.016104511840037104,0.02573952352628801
63451,KXHIGHCHI-26MAY15-T71,2026-05-15 23:27:34.580644+00:00,KMDW,2026-05-15,0,0,197,72.85905513240603,3.6284839874793415,0.016179408166878163,0.38071065989847713,0.1437674890108932,"bias=+2.0,spread=1.00",0.0002617732486304438,0.14494060656033392,0.020669090896497298
63453,KXHIGHNY-26MAY15-B71.5,2026-05-15 23:27:35.798607+00:00,KNYC,2026-05-15,0,0,197,65.5251016157896,3.0225315063569544,0.11017751913777296,0.030456852791878174,0.09009853250497057,"bias=+2.0,spread=1.00",0.012139085723354327,0.0009276198819861373,0.00811774555954924
63455,KXHIGHNY-26MAY15-B69.5,2026-05-15 23:32:44.310541+00:00,KNYC,2026-05-15,0,0,197,65.5251016157896,3.0225315063569544,0.13872037654825806,0.1065989847715736,0.18764532729428451,"bias=+2.0,spread=1.00",0.019243342869690504,0.01136334355433018,0.03521076885537916
63459,KXHIGHNY-26MAY15-T65,2026-05-15 23:32:46.906596+00:00,KNYC,2026-05-15,0,0,197,65.5251016157896,3.0225315063569544,0.05458783470282001,0.4365482233502538,0.20173892840011787,"bias=+2.0,spread=1.00",0.0029798316975424006,0.19057435131026307,0.04069859523202788
63462,KXHIGHCHI-26MAY15-B71.5,2026-05-15 23:32:48.762536+00:00,KMDW,2026-05-15,0,0,197,72.85905513240603,3.6284839874793415,0.016179408166878267,0.12690355329949238,0.1604354185530365,"bias=+2.0,spread=1.00",0.00026177324863044715,0.016104511840037104,0.02573952352628801
63467,KXHIGHNY-26MAY15-B65.5,2026-05-15 23:32:51.849628+00:00,KNYC,2026-05-15,0,1,197,65.5251016157896,3.0225315063569544,0.3560780255868158,0.19289340101522842,0.22930026312104768,"bias=+2.0,spread=1.00",0.41463550913217345,0.6514210621247648,0.5939780844252863
63468,KXHIGHNY-26MAY15-B67.5,2026-05-15 23:32:52.424682+00:00,KNYC,2026-05-15,0,0,197,65.5251016157896,3.0225315063569544,0.29334028694120934,0.233502538071066,0.25617452315693756,"bias=+2.0,spread=1.00",0.08604852394275103,0.054523435285629626,0.06562538631468434
63469,KXHIGHNY-26MAY15-T72,2026-05-15 23:32:53.072358+00:00,KNYC,2026-05-15,0,0,197,65.5251016157896,3.0225315063569544,0.09801107646681773,0.0,0.03504242552264181,"bias=+2.0,spread=1.00",0.009606171110184391,0.0,0.001227971586509898
63470,KXHIGHNY-26MAY15-B71.5,2026-05-15 23:32:53.703819+00:00,KNYC,2026-05-15,0,0,197,65.5251016157896,3.0225315063569544,0.11006020401734817,0.030456852791878174,0.09009853250497057,"bias=+2.0,spread=1.00",0.012113248508340302,0.0009276198819861373,0.00811774555954924
63474,KXHIGHMIA-26MAY15-T85,2026-05-15 23:32:56.194199+00:00,KMIA,2026-05-15,0,0,197,85.71851437331456,2.4356554351377815,0.03289260718166041,0.34517766497461927,0.13218269509379726,"bias=+2.0,spread=1.00",0.0010819236072070182,0.1191476203973305,0.017472264882259777
63475,KXHIGHMIA-26MAY15-B91.5,2026-05-15 23:32:56.781579+00:00,KMIA,2026-05-15,0,0,197,85.71851437331456,2.4356554351377815,0.0328926071816604,0.0,0.07388266585905257,"bias=+2.0,spread=1.00",0.0010819236072070173,0.0,0.005458648314440411
63476,KXHIGHMIA-26MAY15-B89.5,2026-05-15 23:32:57.407547+00:00,KMIA,2026-05-15,0,0,197,85.71851437331456,2.4356554351377815,0.0328926071816604,0.050761421319796954,0.21045027636323732,"bias=+2.0,spread=1.00",0.0010819236072070173,0.0025767218944059366,0.044289318821362965
63477,KXHIGHMIA-26MAY15-T92,2026-05-15 23:32:57.974681+00:00,KMIA,2026-05-15,0,1,197,85.71851437331456,2.4356554351377815,0.84,0.0,0.015063970851876274,"bias=+2.0,spread=1.00",0.02560000000000001,1.0,0.9700989815140736
63478,KXHIGHMIA-26MAY15-B85.5,2026-05-15 23:32:58.566343+00:00,KMIA,2026-05-15,0,0,197,85.71851437331456,2.4356554351377815,0.0328926071816604,0.2639593908629442,0.2518148689050712,"bias=+2.0,spread=1.00",0.0010819236072070173,0.06967456002473654,0.0634107282016782
63479,KXHIGHMIA-26MAY15-B87.5,2026-05-15 23:32:59.166963+00:00,KMIA,2026-05-15,0,0,197,85.71851437331456,2.4356554351377815,0.03289260718166041,0.3401015228426396,0.31660552292696537,"bias=+2.0,spread=1.00",0.0010819236072070182,0.11566904583988251,0.10023905714785719
63486,KXHIGHCHI-26MAY15-T71,2026-05-15 23:33:03.887033+00:00,KMDW,2026-05-15,0,0,197,72.85905513240603,3.6284839874793415,0.016179408166878257,0.38071065989847713,0.1437674890108932,"bias=+2.0,spread=1.00",0.0002617732486304468,0.14494060656033392,0.020669090896497298
63487,KXHIGHCHI-26MAY15-B75.5,2026-05-15 23:33:04.493732+00:00,KMDW,2026-05-15,0,1,197,72.85905513240603,3.6284839874793415,0.6132782300431212,0.17258883248730963,0.20692492382143268,"bias=+2.0,spread=1.00",0.14955372735858108,0.6846092401247134,0.6289680764556403
63488,KXHIGHCHI-26MAY15-B77.5,2026-05-15 23:33:05.123549+00:00,KMDW,2026-05-15,0,0,197,72.85905513240603,3.6284839874793415,0.16491037885816368,0.14720812182741116,0.15069592110024344,"bias=+2.0,spread=1.00",0.027195433055143076,0.02167023113195393,0.022709260636250794
63489,KXHIGHCHI-26MAY15-T78,2026-05-15 23:33:05.763414+00:00,KMDW,2026-05-15,0,0,197,72.85905513240603,3.6284839874793415,0.09327760712880878,0.025380710659898477,0.12688653334932143,"bias=+2.0,spread=1.00",0.008700711991676399,0.0006441804736014841,0.016100192345408458
63490,KXHIGHCHI-26MAY15-B73.5,2026-05-15 23:33:06.406251+00:00,KMDW,2026-05-15,0,0,197,72.85905513240603,3.6284839874793415,0.016179408166878254,0.14720812182741116,0.21128971416507275,"bias=+2.0,spread=1.00",0.0002617732486304467,0.02167023113195393,0.04464334331195814
63493,KXHIGHNY-26MAY15-T65,2026-05-15 23:38:11.414643+00:00,KNYC,2026-05-15,0,0,197,65.5251016157896,3.0225315063569544,0.05458783470282002,0.4365482233502538,0.20173892840011787,"bias=+2.0,spread=1.00",0.0029798316975424015,0.19057435131026307,0.04069859523202788
63496,KXHIGHNY-26MAY15-B71.5,2026-05-15 23:38:13.391374+00:00,KNYC,2026-05-15,0,0,197,65.5251016157896,3.0225315063569544,0.10994669688849512,0.030456852791878174,0.09009853250497057,"bias=+2.0,spread=1.00",0.012088276156690623,0.0009276198819861373,0.00811774555954924
63503,KXHIGHNY-26MAY15-B65.5,2026-05-15 23:38:17.916082+00:00,KNYC,2026-05-15,0,1,197,65.5251016157896,3.0225315063569544,0.3570989699491804,0.19289340101522842,0.22930026312104768,"bias=+2.0,spread=1.00",0.41332173444040476,0.6514210621247648,0.5939780844252863
63504,KXHIGHNY-26MAY15-B67.5,2026-05-15 23:38:18.530920+00:00,KNYC,2026-05-15,0,0,197,65.5251016157896,3.0225315063569544,0.2927780824516073,0.233502538071066,0.25617452315693756,"bias=+2.0,spread=1.00",0.08571900556404016,0.054523435285629626,0.06562538631468434
63505,KXHIGHNY-26MAY15-T72,2026-05-15 23:38:19.161771+00:00,KNYC,2026-05-15,0,0,197,65.5251016157896,3.0225315063569544,0.09791845848384195,0.0,0.03504242552264181,"bias=+2.0,spread=1.00",0.009588024511851881,0.0,0.001227971586509898
63506,KXHIGHNY-26MAY15-B69.5,2026-05-15 23:38:19.754434+00:00,KNYC,2026-05-15,0,0,197,65.5251016157896,3.0225315063569544,0.1384677617873243,0.1065989847715736,0.18764532729428451,"bias=+2.0,spread=1.00",0.01917332105439119,0.01136334355433018,0.03521076885537916
63509,KXHIGHMIA-26MAY15-T92,2026-05-15 23:38:21.642817+00:00,KMIA,2026-05-15,0,1,197,85.71851437331456,2.4356554351377815,0.84,0.0,0.015063970851876274,"bias=+2.0,spread=1.00",0.02560000000000001,1.0,0.9700989815140736
63510,KXHIGHMIA-26MAY15-B91.5,2026-05-15 23:38:22.463115+00:00,KMIA,2026-05-15,0,0,197,85.71851437331456,2.4356554351377815,0.0328926071816604,0.0,0.07388266585905257,"bias=+2.0,spread=1.00",0.0010819236072070173,0.0,0.005458648314440411
63511,KXHIGHMIA-26MAY15-B89.5,2026-05-15 23:38:23.079268+00:00,KMIA,2026-05-15,0,0,197,85.71851437331456,2.4356554351377815,0.03289260718166041,0.050761421319796954,0.21045027636323732,"bias=+2.0,spread=1.00",0.0010819236072070182,0.0025767218944059366,0.044289318821362965
63512,KXHIGHMIA-26MAY15-T85,2026-05-15 23:38:23.699553+00:00,KMIA,2026-05-15,0,0,197,85.71851437331456,2.4356554351377815,0.0328926071816604,0.34517766497461927,0.13218269509379726,"bias=+2.0,spread=1.00",0.0010819236072070173,0.1191476203973305,0.017472264882259777
63513,KXHIGHMIA-26MAY15-B85.5,2026-05-15 23:38:24.327073+00:00,KMIA,2026-05-15,0,0,197,85.71851437331456,2.4356554351377815,0.0328926071816604,0.2639593908629442,0.2518148689050712,"bias=+2.0,spread=1.00",0.0010819236072070173,0.06967456002473654,0.0634107282016782
63514,KXHIGHMIA-26MAY15-B87.5,2026-05-15 23:38:24.932330+00:00,KMIA,2026-05-15,0,0,197,85.71851437331456,2.4356554351377815,0.0328926071816604,0.3401015228426396,0.31660552292696537,"bias=+2.0,spread=1.00",0.0010819236072070173,0.11566904583988251,0.10023905714785719
63521,KXHIGHCHI-26MAY15-B77.5,2026-05-15 23:38:29.331552+00:00,KMDW,2026-05-15,0,0,197,72.85905513240603,3.6284839874793415,0.16540120586332455,0.14720812182741116,0.15069592110024344,"bias=+2.0,spread=1.00",0.027357558901041867,0.02167023113195393,0.022709260636250794
63522,KXHIGHCHI-26MAY15-T71,2026-05-15 23:38:29.983650+00:00,KMDW,2026-05-15,0,0,197,72.85905513240603,3.6284839874793415,0.016179408166878344,0.38071065989847713,0.1437674890108932,"bias=+2.0,spread=1.00",0.00026177324863044965,0.14494060656033392,0.020669090896497298
63523,KXHIGHCHI-26MAY15-T78,2026-05-15 23:38:30.655707+00:00,KMDW,2026-05-15,0,0,197,72.85905513240603,3.6284839874793415,0.09327265305875013,0.025380710659898477,0.12688653334932143,"bias=+2.0,spread=1.00",0.00869978780861797,0.0006441804736014841,0.016100192345408458
63524,KXHIGHCHI-26MAY15-B73.5,2026-05-15 23:38:31.332044+00:00,KMDW,2026-05-15,0,0,197,72.85905513240603,3.6284839874793415,0.016179408166878257,0.14720812182741116,0.21128971416507275,"bias=+2.0,spread=1.00",0.0002617732486304468,0.02167023113195393,0.04464334331195814
63525,KXHIGHCHI-26MAY15-B71.5,2026-05-15 23:38:31.951687+00:00,KMDW,2026-05-15,0,0,197,72.85905513240603,3.6284839874793415,0.01617940816687829,0.12690355329949238,0.1604354185530365,"bias=+2.0,spread=1.00",0.00026177324863044797,0.016104511840037104,0.02573952352628801
63526,KXHIGHCHI-26MAY15-B75.5,2026-05-15 23:38:32.571259+00:00,KMDW,2026-05-15,0,1,197,72.85905513240603,3.6284839874793415,0.612792357108019,0.17258883248730963,0.20692492382143268,"bias=+2.0,spread=1.00",0.14992975871396386,0.6846092401247134,0.6289680764556403
63532,KXHIGHNY-26MAY15-B65.5,2026-05-15 23:43:56.302138+00:00,KNYC,2026-05-15,0,1,197,65.5251016157896,3.0225315063569544,0.35816674435412676,0.19289340101522842,0.22930026312104768,"bias=+2.0,spread=1.00",0.41194992805298086,0.6514210621247648,0.5939780844252863
63533,KXHIGHNY-26MAY15-B67.5,2026-05-15 23:43:56.894444+00:00,KNYC,2026-05-15,0,0,197,65.5251016157896,3.0225315063569544,0.29219009001394686,0.233502538071066,0.25617452315693756,"bias=+2.0,spread=1.00",0.08537504870235836,0.054523435285629626,0.06562538631468434
63534,KXHIGHNY-26MAY15-T72,2026-05-15 23:43:57.543916+00:00,KNYC,2026-05-15,0,0,197,65.5251016157896,3.0225315063569544,0.09782159217524977,0.0,0.03504242552264181,"bias=+2.0,spread=1.00",0.009569063895700888,0.0,0.001227971586509898
63538,KXHIGHMIA-26MAY15-T92,2026-05-15 23:43:59.916572+00:00,KMIA,2026-05-15,0,1,197,85.71851437331456,2.4356554351377815,0.84,0.0,0.015063970851876274,"bias=+2.0,spread=1.00",0.02560000000000001,1.0,0.9700989815140736
63539,KXHIGHMIA-26MAY15-T85,2026-05-15 23:44:00.526912+00:00,KMIA,2026-05-15,0,0,197,85.71851437331456,2.4356554351377815,0.03289260718166039,0.34517766497461927,0.13218269509379726,"bias=+2.0,spread=1.00",0.001081923607207017,0.1191476203973305,0.017472264882259777
63540,KXHIGHMIA-26MAY15-B85.5,2026-05-15 23:44:01.153070+00:00,KMIA,2026-05-15,0,0,197,85.71851437331456,2.4356554351377815,0.0328926071816604,0.2639593908629442,0.2518148689050712,"bias=+2.0,spread=1.00",0.0010819236072070173,0.06967456002473654,0.0634107282016782
63541,KXHIGHMIA-26MAY15-B89.5,2026-05-15 23:44:01.784699+00:00,KMIA,2026-05-15,0,0,197,85.71851437331456,2.4356554351377815,0.0328926071816604,0.050761421319796954,0.21045027636323732,"bias=+2.0,spread=1.00",0.0010819236072070173,0.0025767218944059366,0.044289318821362965
63542,KXHIGHMIA-26MAY15-B87.5,2026-05-15 23:44:02.424440+00:00,KMIA,2026-05-15,0,0,197,85.71851437331456,2.4356554351377815,0.03289260718166041,0.3401015228426396,0.31660552292696537,"bias=+2.0,spread=1.00",0.0010819236072070182,0.11566904583988251,0.10023905714785719
63543,KXHIGHMIA-26MAY15-B91.5,2026-05-15 23:44:03.051226+00:00,KMIA,2026-05-15,0,0,197,85.71851437331456,2.4356554351377815,0.03289260718166041,0.0,0.07388266585905257,"bias=+2.0,spread=1.00",0.0010819236072070182,0.0,0.005458648314440411
63550,KXHIGHCHI-26MAY15-B73.5,2026-05-15 23:44:07.670074+00:00,KMDW,2026-05-15,0,0,197,72.85905513240603,3.6284839874793415,0.016179408166878226,0.14720812182741116,0.21128971416507275,"bias=+2.0,spread=1.00",0.00026177324863044585,0.02167023113195393,0.04464334331195814
63551,KXHIGHCHI-26MAY15-T71,2026-05-15 23:44:08.336482+00:00,KMDW,2026-05-15,0,0,197,72.85905513240603,3.6284839874793415,0.01617940816687824,0.38071065989847713,0.1437674890108932,"bias=+2.0,spread=1.00",0.0002617732486304463,0.14494060656033392,0.020669090896497298
63552,KXHIGHCHI-26MAY15-B75.5,2026-05-15 23:44:08.930861+00:00,KMDW,2026-05-15,0,1,197,72.85905513240603,3.6284839874793415,0.6122821312557419,0.17258883248730963,0.20692492382143268,"bias=+2.0,spread=1.00",0.15032514574358974,0.6846092401247134,0.6289680764556403
63553,KXHIGHCHI-26MAY15-T78,2026-05-15 23:44:09.577498+00:00,KMDW,2026-05-15,0,0,197,72.85905513240603,3.6284839874793415,0.09326758180913988,0.025380710659898477,0.12688653334932143,"bias=+2.0,spread=1.00",0.0086988418165246,0.0006441804736014841,0.016100192345408458
63554,KXHIGHCHI-26MAY15-B77.5,2026-05-15 23:44:10.178544+00:00,KMDW,2026-05-15,0,0,197,72.85905513240603,3.6284839874793415,0.16591650296521185,0.14720812182741116,0.15069592110024344,"bias=+2.0,spread=1.00",0.027528285956205153,0.02167023113195393,0.022709260636250794
63555,KXHIGHCHI-26MAY15-B71.5,2026-05-15 23:44:10.841054+00:00,KMDW,2026-05-15,0,0,197,72.85905513240603,3.6284839874793415,0.016179408166878247,0.12690355329949238,0.1604354185530365,"bias=+2.0,spread=1.00",0.0002617732486304465,0.016104511840037104,0.02573952352628801
63557,KXHIGHNY-26MAY15-T65,2026-05-15 23:44:12.079150+00:00,KNYC,2026-05-15,0,0,197,65.5251016157896,3.0225315063569544,0.05458783470282001,0.4365482233502538,0.20173892840011787,"bias=+2.0,spread=1.00",0.0029798316975424006,0.19057435131026307,0.04069859523202788
63560,KXHIGHNY-26MAY15-B71.5,2026-05-15 23:44:13.940892+00:00,KNYC,2026-05-15,0,0,197,65.5251016157896,3.0225315063569544,0.10982798326272614,0.030456852791878174,0.09009853250497057,"bias=+2.0,spread=1.00",0.012062185907557652,0.0009276198819861373,0.00811774555954924
63562,KXHIGHNY-26MAY15-B69.5,2026-05-15 23:44:15.221174+00:00,KNYC,2026-05-15,0,0,197,65.5251016157896,3.0225315063569544,0.13820355975439955,0.1065989847715736,0.18764532729428451,"bias=+2.0,spread=1.00",0.019100223928787886,0.01136334355433018,0.03521076885537916
63563,KXHIGHNY-26MAY15-B67.5,2026-05-15 23:49:27.908692+00:00,KNYC,2026-05-15,0,0,197,65.5251016157896,3.0225315063569544,0.29162004817677795,0.233502538071066,0.25617452315693756,"bias=+2.0,spread=1.00",0.08504225249862629,0.054523435285629626,0.06562538631468434
63564,KXHIGHNY-26MAY15-T72,2026-05-15 23:49:28.546781+00:00,KNYC,2026-05-15,0,0,197,65.5251016157896,3.0225315063569544,0.09772768306184565,0.0,0.03504242552264181,"bias=+2.0,spread=1.00",0.009550700036636554,0.0,0.001227971586509898
63572,KXHIGHNY-26MAY15-B65.5,2026-05-15 23:49:33.714808+00:00,KNYC,2026-05-15,0,1,197,65.5251016157896,3.0225315063569544,0.35920192107493504,0.19289340101522842,0.22930026312104768,"bias=+2.0,spread=1.00",0.4106221779540537,0.6514210621247648,0.5939780844252863
63573,KXHIGHNY-26MAY15-T65,2026-05-15 23:49:34.343814+00:00,KNYC,2026-05-15,0,0,197,65.5251016157896,3.0225315063569544,0.05458783470282001,0.4365482233502538,0.20173892840011787,"bias=+2.0,spread=1.00",0.0029798316975424006,0.19057435131026307,0.04069859523202788
63574,KXHIGHCHI-26MAY15-B75.5,2026-05-15 23:49:34.981871+00:00,KMDW,2026-05-15,0,1,197,72.85905513240603,3.6284839874793415,0.6117854486489215,0.17258883248730963,0.20692492382143268,"bias=+2.0,spread=1.00",0.15071053788071917,0.6846092401247134,0.6289680764556403
63578,KXHIGHMIA-26MAY15-B85.5,2026-05-15 23:49:37.442618+00:00,KMIA,2026-05-15,0,0,197,85.71851437331456,2.4356554351377815,0.03289260718166041,0.2639593908629442,0.2518148689050712,"bias=+2.0,spread=1.00",0.0010819236072070182,0.06967456002473654,0.0634107282016782
63579,KXHIGHMIA-26MAY15-B91.5,2026-05-15 23:49:38.087643+00:00,KMIA,2026-05-15,0,0,197,85.71851437331456,2.4356554351377815,0.03289260718166039,0.0,0.07388266585905257,"bias=+2.0,spread=1.00",0.001081923607207017,0.0,0.005458648314440411
63580,KXHIGHMIA-26MAY15-B89.5,2026-05-15 23:49:38.685700+00:00,KMIA,2026-05-15,0,0,197,85.71851437331456,2.4356554351377815,0.03289260718166042,0.050761421319796954,0.21045027636323732,"bias=+2.0,spread=1.00",0.0010819236072070186,0.0025767218944059366,0.044289318821362965
63581,KXHIGHMIA-26MAY15-B87.5,2026-05-15 23:49:39.278227+00:00,KMIA,2026-05-15,0,0,197,85.71851437331456,2.4356554351377815,0.0328926071816604,0.3401015228426396,0.31660552292696537,"bias=+2.0,spread=1.00",0.0010819236072070173,0.11566904583988251,0.10023905714785719
63582,KXHIGHMIA-26MAY15-T92,2026-05-15 23:49:39.861364+00:00,KMIA,2026-05-15,0,1,197,85.71851437331456,2.4356554351377815,0.84,0.0,0.015063970851876274,"bias=+2.0,spread=1.00",0.02560000000000001,1.0,0.9700989815140736
63583,KXHIGHMIA-26MAY15-T85,2026-05-15 23:49:40.460344+00:00,KMIA,2026-05-15,0,0,197,85.71851437331456,2.4356554351377815,0.03289260718166041,0.34517766497461927,0.13218269509379726,"bias=+2.0,spread=1.00",0.0010819236072070182,0.1191476203973305,0.017472264882259777
63590,KXHIGHCHI-26MAY15-B73.5,2026-05-15 23:49:44.803180+00:00,KMDW,2026-05-15,0,0,197,72.85905513240603,3.6284839874793415,0.016179408166878267,0.14720812182741116,0.21128971416507275,"bias=+2.0,spread=1.00",0.00026177324863044715,0.02167023113195393,0.04464334331195814
63591,KXHIGHCHI-26MAY15-T78,2026-05-15 23:49:45.421109+00:00,KMDW,2026-05-15,0,0,197,72.85905513240603,3.6284839874793415,0.09326277485134117,0.025380710659898477,0.12688653334932143,"bias=+2.0,spread=1.00",0.008697945172971955,0.0006441804736014841,0.016100192345408458
63592,KXHIGHCHI-26MAY15-T71,2026-05-15 23:49:46.030802+00:00,KMDW,2026-05-15,0,0,197,72.85905513240603,3.6284839874793415,0.016179408166878226,0.38071065989847713,0.1437674890108932,"bias=+2.0,spread=1.00",0.00026177324863044585,0.14494060656033392,0.020669090896497298
63593,KXHIGHCHI-26MAY15-B77.5,2026-05-15 23:49:46.634335+00:00,KMDW,2026-05-15,0,0,197,72.85905513240603,3.6284839874793415,0.16641799252983114,0.14720812182741116,0.15069592110024344,"bias=+2.0,spread=1.00",0.02769494823765893,0.02167023113195393,0.022709260636250794
63594,KXHIGHCHI-26MAY15-B71.5,2026-05-15 23:49:47.253640+00:00,KMDW,2026-05-15,0,0,197,72.85905513240603,3.6284839874793415,0.016179408166878358,0.12690355329949238,0.1604354185530365,"bias=+2.0,spread=1.00",0.0002617732486304501,0.016104511840037104,0.02573952352628801
63596,KXHIGHNY-26MAY15-B71.5,2026-05-15 23:49:48.495099+00:00,KNYC,2026-05-15,0,0,197,65.5251016157896,3.0225315063569544,0.10971289380068927,0.030456852791878174,0.09009853250497057,"bias=+2.0,spread=1.00",0.012036919066121322,0.0009276198819861373,0.00811774555954924
63598,KXHIGHNY-26MAY15-B69.5,2026-05-15 23:49:49.744256+00:00,KNYC,2026-05-15,0,0,197,65.5251016157896,3.0225315063569544,0.13794742344620112,0.1065989847715736,0.18764532729428451,"bias=+2.0,spread=1.00",0.019029491635445518,0.01136334355433018,0.03521076885537916
63599,KXHIGHNY-26MAY15-B67.5,2026-05-15 23:55:00.094608+00:00,KNYC,2026-05-15,0,0,197,65.5251016157896,3.0225315063569544,0.2910582789980956,0.233502538071066,0.25617452315693756,"bias=+2.0,spread=1.00",0.08471492177333326,0.054523435285629626,0.06562538631468434
63602,KXHIGHNY-26MAY15-B65.5,2026-05-15 23:55:02.013627+00:00,KNYC,2026-05-15,0,1,197,65.5251016157896,3.0225315063569544,0.36022207492737346,0.19289340101522842,0.22930026312104768,"bias=+2.0,spread=1.00",0.40931579341023533,0.6514210621247648,0.5939780844252863
63603,KXHIGHNY-26MAY15-T65,2026-05-15 23:55:02.648884+00:00,KNYC,2026-05-15,0,0,197,65.5251016157896,3.0225315063569544,0.05458783470282002,0.4365482233502538,0.20173892840011787,"bias=+2.0,spread=1.00",0.0029798316975424015,0.19057435131026307,0.04069859523202788
63610,KXHIGHNY-26MAY15-T72,2026-05-15 23:55:06.910921+00:00,KNYC,2026-05-15,0,0,197,65.5251016157896,3.0225315063569544,0.09763513679231262,0.0,0.03504242552264181,"bias=+2.0,spread=1.00",0.009532619936453596,0.0,0.001227971586509898
63614,KXHIGHMIA-26MAY15-B87.5,2026-05-15 23:55:09.393773+00:00,KMIA,2026-05-15,0,0,197,85.71851437331456,2.4356554351377815,0.0328926071816604,0.3401015228426396,0.31660552292696537,"bias=+2.0,spread=1.00",0.0010819236072070173,0.11566904583988251,0.10023905714785719
63615,KXHIGHMIA-26MAY15-T92,2026-05-15 23:55:09.945013+00:00,KMIA,2026-05-15,0,1,197,85.71851437331456,2.4356554351377815,0.84,0.0,0.015063970851876274,"bias=+2.0,spread=1.00",0.02560000000000001,1.0,0.9700989815140736
63616,KXHIGHMIA-26MAY15-T85,2026-05-15 23:55:10.536041+00:00,KMIA,2026-05-15,0,0,197,85.71851437331456,2.4356554351377815,0.03289260718166041,0.34517766497461927,0.13218269509379726,"bias=+2.0,spread=1.00",0.0010819236072070182,0.1191476203973305,0.017472264882259777
63617,KXHIGHMIA-26MAY15-B85.5,2026-05-15 23:55:11.152266+00:00,KMIA,2026-05-15,0,0,197,85.71851437331456,2.4356554351377815,0.03289260718166041,0.2639593908629442,0.2518148689050712,"bias=+2.0,spread=1.00",0.0010819236072070182,0.06967456002473654,0.0634107282016782
63618,KXHIGHMIA-26MAY15-B91.5,2026-05-15 23:55:11.783895+00:00,KMIA,2026-05-15,0,0,197,85.71851437331456,2.4356554351377815,0.03289260718166041,0.0,0.07388266585905257,"bias=+2.0,spread=1.00",0.0010819236072070182,0.0,0.005458648314440411
63619,KXHIGHMIA-26MAY15-B89.5,2026-05-15 23:55:12.373711+00:00,KMIA,2026-05-15,0,0,197,85.71851437331456,2.4356554351377815,0.0328926071816604,0.050761421319796954,0.21045027636323732,"bias=+2.0,spread=1.00",0.0010819236072070173,0.0025767218944059366,0.044289318821362965
63626,KXHIGHCHI-26MAY15-B73.5,2026-05-15 23:55:16.785463+00:00,KMDW,2026-05-15,0,0,197,72.85905513240603,3.6284839874793415,0.016179408166878163,0.14720812182741116,0.21128971416507275,"bias=+2.0,spread=1.00",0.0002617732486304438,0.02167023113195393,0.04464334331195814
63627,KXHIGHCHI-26MAY15-T71,2026-05-15 23:55:17.423219+00:00,KMDW,2026-05-15,0,0,197,72.85905513240603,3.6284839874793415,0.01617940816687831,0.38071065989847713,0.1437674890108932,"bias=+2.0,spread=1.00",0.0002617732486304485,0.14494060656033392,0.020669090896497298
63628,KXHIGHCHI-26MAY15-B71.5,2026-05-15 23:55:18.071361+00:00,KMDW,2026-05-15,0,0,197,72.85905513240603,3.6284839874793415,0.016179408166878358,0.12690355329949238,0.1604354185530365,"bias=+2.0,spread=1.00",0.0002617732486304501,0.016104511840037104,0.02573952352628801
63629,KXHIGHCHI-26MAY15-B75.5,2026-05-15 23:55:18.638063+00:00,KMDW,2026-05-15,0,1,197,72.85905513240603,3.6284839874793415,0.6112939996693194,0.17258883248730963,0.20692492382143268,"bias=+2.0,spread=1.00",0.15109235469307505,0.6846092401247134,0.6289680764556403
63630,KXHIGHCHI-26MAY15-T78,2026-05-15 23:55:19.254118+00:00,KMDW,2026-05-15,0,0,197,72.85905513240603,3.6284839874793415,0.09325814510562913,0.025380710659898477,0.12688653334932143,"bias=+2.0,spread=1.00",0.008697081628542578,0.0006441804736014841,0.016100192345408458
63631,KXHIGHCHI-26MAY15-B77.5,2026-05-15 23:55:19.850958+00:00,KMDW,2026-05-15,0,0,197,72.85905513240603,3.6284839874793415,0.16691407125514515,0.14720812182741116,0.15069592110024344,"bias=+2.0,spread=1.00",0.027860307182967673,0.02167023113195393,0.022709260636250794
63632,KXHIGHNY-26MAY15-B71.5,2026-05-15 23:55:20.502996+00:00,KNYC,2026-05-15,0,0,197,65.5251016157896,3.0225315063569544,0.10959947455959562,0.030456852791878174,0.09009853250497057,"bias=+2.0,spread=1.00",0.012012044823739448,0.0009276198819861373,0.00811774555954924
63634,KXHIGHNY-26MAY15-B69.5,2026-05-15 23:55:21.747630+00:00,KNYC,2026-05-15,0,0,197,65.5251016157896,3.0225315063569544,0.13769500428307177,0.1065989847715736,0.18764532729428451,"bias=+2.0,spread=1.00",0.018959914204515153,0.01136334355433018,0.03521076885537916
