fill_id,ticker,station,valid_date,side,ts,price,contracts,fees,settled,net_pnl,fair_prob,edge,size_usd,snapshot_age_sec,book_ask,book_bid,book_ask_size,ask_minus_fill,top_book_covers_fill,m2m_15m,m2m_30m,m2m_60m,age_nbm_min,age_hrrr_min,age_gfs_min,age_ecmwf_min
203,KXHIGHMIA-26MAY16-B88.5,KMIA,2026-05-16,YES,2026-05-16 16:23:54.510941+00:00,0.30000000000000004,31,0.46,False,,0.5910529808440813,0.27620449599559643,9.528392685274303,259.097586,0.35,0.24,,0.04999999999999993,,-0.29000000000000004,-0.28,-0.28,135.18136638333334,17.670640133333332,208.93487048333333,214.60162086666668
202,KXHIGHMIA-26MAY17-B85.5,KMIA,2026-05-17,YES,2026-05-16 16:23:48.782034+00:00,0.26,7,0.1,False,,0.2858165104749891,0.012180146838625481,1.9916268858870383,253.368679,0.26,0.25,,0.0,,-0.07,-0.06,-0.07,135.0858846,17.57515835,208.8393887,214.50613908333332
201,KXHIGHMIA-26MAY16-T91,KMIA,2026-05-16,YES,2026-05-16 14:34:04.539085+00:00,0.020000000000000018,276,0.38,False,,0.04449211676513891,0.02311391163693376,5.524046547090521,65.82937,0.03,0.02,,0.009999999999999981,,0.04999999999999999,0.07999999999999999,0.029999999999999985,25.348502116666666,28.052487533333334,99.10200621666667,104.7687566
200,KXHIGHMIA-26MAY17-B85.5,KMIA,2026-05-17,NO,2026-05-16 14:23:11.608350+00:00,0.74,26,0.36,False,,0.19148596410548513,0.054810332190811176,19.63636363636364,60.080262,0.74,0.73,,0.0,,0.0,0.0,0.0,14.4663232,17.170308616666667,88.2198273,93.88657768333333
199,KXHIGHMIA-26MAY17-B89.5,KMIA,2026-05-17,NO,2026-05-16 14:23:10.993552+00:00,0.85,23,0.21,False,,0.12105487456209596,0.01981469065529537,19.78744939271255,59.465464,0.85,0.84,,0.0,,-0.08999999999999997,-0.08999999999999997,-0.08999999999999997,14.456076566666667,17.160061983333332,88.20958066666667,93.87633105
198,KXHIGHMIA-26MAY17-T90,KMIA,2026-05-17,YES,2026-05-16 14:23:10.337340+00:00,0.050000000000000044,334,1.12,False,,0.1209091909617823,0.0675579845274659,16.720665827939264,58.809252,0.05,0.03,,-4.163336342344337e-17,,-0.020000000000000046,-0.020000000000000046,-0.020000000000000046,14.4451397,17.149125116666667,88.1986438,93.86539418333334
197,KXHIGHMIA-26MAY17-B83.5,KMIA,2026-05-17,YES,2026-05-16 14:23:09.677924+00:00,0.050000000000000044,374,1.25,False,,0.29302623673726014,0.23969290340392677,18.75,58.149836,0.05,0.04,,-4.163336342344337e-17,,-0.010000000000000044,-0.010000000000000044,-0.010000000000000044,14.434149433333333,17.13813485,88.18765353333333,93.85440391666667
196,KXHIGHMIA-26MAY17-T83,KMIA,2026-05-17,YES,2026-05-16 14:23:09.002007+00:00,0.010000000000000009,1869,1.3,False,,0.278615095265095,0.26791974759125803,18.699719363891486,57.473919,0.01,0.0,,-8.673617379884035e-18,,-0.010000000000000009,-0.010000000000000009,-0.010000000000000009,14.42288415,17.126869566666667,88.17638825,93.84313863333334
195,KXHIGHMIA-26MAY17-B87.5,KMIA,2026-05-17,NO,2026-05-16 14:23:02.203012+00:00,0.56,34,0.59,False,,0.13348882506181514,0.2890826035096134,19.396338446313706,50.674924,0.56,0.52,,0.0,,-0.010000000000000009,-0.010000000000000009,0.0,14.309567566666667,17.013552983333334,88.06307166666667,93.72982205
194,KXHIGHMIA-26MAY16-T91,KMIA,2026-05-16,NO,2026-05-16 04:20:46.289828+00:00,0.85,23,0.21,False,,0.03934503382965153,0.10152453138773984,19.78744939271255,93.465049,0.85,0.83,,0.0,,-0.020000000000000018,-0.010000000000000009,-0.039999999999999925,73.2618772,15.9589259,216.47106638333332,225.74429953333333
193,KXHIGHMIA-26MAY16-B86.5,KMIA,2026-05-16,YES,2026-05-16 00:21:56.375258+00:00,0.13,144,1.15,False,,0.3098683680629609,0.17189451185381058,18.844149692089054,95.827725,0.13,0.12,,0.0,,-0.020000000000000004,-0.020000000000000004,-0.06,134.59525761666666,17.376377233333333,141.33870573333334,141.27610678333335
192,KXHIGHMIA-26MAY16-B84.5,KMIA,2026-05-16,YES,2026-05-16 00:21:51.920243+00:00,0.020000000000000018,935,1.29,False,,0.2504414188779326,0.22906003749655118,18.707865168539325,91.37271,0.02,0.01,,-1.734723475976807e-17,,-0.020000000000000018,-0.020000000000000018,-0.020000000000000018,134.52100736666668,17.302126983333334,141.26445548333334,141.20185653333334
191,KXHIGHMIA-26MAY16-T84,KMIA,2026-05-16,YES,2026-05-16 00:21:51.307740+00:00,0.010000000000000009,1869,1.3,False,,0.19683839059478767,0.18614304292095074,18.699719363891486,90.760207,0.01,0.0,,-8.673617379884035e-18,,-0.010000000000000009,-0.010000000000000009,-0.010000000000000009,134.51079898333333,17.2919186,141.2542471,141.19164815
190,KXHIGHMIA-26MAY16-B88.5,KMIA,2026-05-16,NO,2026-05-16 00:21:47.665197+00:00,0.5900000000000001,32,0.55,False,,0.15267914741817706,0.24035115561212594,19.44083874188717,87.117664,0.59,0.57,,-1.1102230246251565e-16,,-0.030000000000000027,-0.030000000000000027,-0.02000000000000013,134.45008993333335,17.23120955,141.19353805,141.1309391
189,KXHIGHMIA-26MAY16-B90.5,KMIA,2026-05-16,NO,2026-05-16 00:21:45.755008+00:00,0.6799999999999999,28,0.43,False,,0.1332970645521253,0.1711856940685644,19.55379276152702,85.207475,0.68,0.67,,1.1102230246251565e-16,,-0.009999999999999898,-0.009999999999999898,-0.029999999999999916,134.41825345,17.199373066666666,141.16170156666666,141.09910261666667
188,KXHIGHNY-26MAY15-T65,KNYC,2026-05-15,NO,2026-05-15 21:10:35.291772+00:00,0.65,30,0.48,False,,0.27485706862795417,0.05914293137204589,19.51951951951952,93.658205,0.79,0.77,,0.14,,0.33999999999999997,0.33999999999999997,0.33999999999999997,64.44708136666667,6.290937416666667,154.65381415,160.23175498333333
187,KXHIGHNY-26MAY15-B67.5,KNYC,2026-05-15,YES,2026-05-15 20:32:25.549489+00:00,0.08999999999999997,69,0.4,False,,0.11982954688646516,0.024005371062289366,6.233944884096558,2.00434,0.09,0.07,,2.7755575615628914e-17,,2.7755575615628914e-17,-0.039999999999999966,-0.039999999999999966,26.284709983333332,28.147611216666668,116.49144276666667,122.0693836
186,KXHIGHNY-26MAY16-B82.5,KNYC,2026-05-16,YES,2026-05-15 19:37:57.917327+00:00,0.07999999999999996,26,0.14,False,,0.1186044298710162,0.03341359017635975,2.143728305215309,148.64087,0.09,0.07,,0.010000000000000037,,4.163336342344337e-17,0.010000000000000037,0.010000000000000037,332.18992231666664,33.715065683333336,62.03090673333333,67.60884756666667
185,KXHIGHNY-26MAY16-B76.5,KNYC,2026-05-16,YES,2026-05-15 19:32:33.419797+00:00,0.18999999999999995,16,0.18,False,,0.24237174565908157,0.041548216247316916,3.0741759266849424,135.55624,0.19,0.15,,5.551115123125783e-17,,0.020000000000000046,0.020000000000000046,0.020000000000000046,326.78163015,28.306773516666667,56.62261456666667,62.2005554
184,KXHIGHNY-26MAY15-B65.5,KNYC,2026-05-15,YES,2026-05-15 19:05:21.146769+00:00,0.4,16,0.27,False,,0.44839938534059226,0.03139938534059229,6.457829004156995,77.68505,0.36,0.33,,-0.040000000000000036,,0.03999999999999998,0.019999999999999962,0.2899999999999999,299.57707968333335,1.10222305,29.4180641,34.99600493333333
183,KXHIGHNY-26MAY15-T72,KNYC,2026-05-15,YES,2026-05-15 18:51:09.561135+00:00,0.010000000000000009,1037,0.72,False,,0.05458783470282001,0.04389450136948667,10.373040845761656,167.851586,0.01,0.0,,-8.673617379884035e-18,,-0.010000000000000009,-0.010000000000000009,-0.010000000000000009,285.38398578333334,46.969752666666665,15.2249702,20.802911033333334
182,KXHIGHNY-26MAY15-B65.5,KNYC,2026-05-15,NO,2026-05-15 18:51:08.293572+00:00,0.56,34,0.59,False,,0.32801928784458595,0.09455214072684248,19.396338446313706,166.584023,0.65,0.64,,0.08999999999999997,,0.08999999999999997,-0.020000000000000018,-0.31000000000000005,285.3628597333333,46.948626616666665,15.20384415,20.781784983333335
181,KXHIGHNY-26MAY15-B71.5,KNYC,2026-05-15,YES,2026-05-15 18:51:07.058825+00:00,0.010000000000000009,1037,0.72,False,,0.05458783470282002,0.04389450136948669,10.37304084576166,165.349276,0.01,0.0,,-8.673617379884035e-18,,-0.010000000000000009,-0.010000000000000009,-0.010000000000000009,285.34228061666664,46.9280475,15.183265033333333,20.761205866666668
180,KXHIGHNY-26MAY15-B69.5,KNYC,2026-05-15,YES,2026-05-15 18:51:06.428886+00:00,0.040000000000000036,123,0.34,False,,0.0629465007923794,0.02019482294003037,4.934717234376444,164.719337,0.04,0.03,,-3.469446951953614e-17,,-3.469446951953614e-17,-0.010000000000000037,-0.020000000000000035,285.3317816333333,46.91754851666666,15.17276605,20.750706883333333
179,KXHIGHNY-26MAY16-B80.5,KNYC,2026-05-16,NO,2026-05-15 18:51:05.722363+00:00,0.73,6,0.09,False,,0.20578968629613234,0.05013623962979358,4.905425584868094,164.012814,0.73,0.68,,0.0,,-0.04999999999999993,-0.030000000000000027,-0.030000000000000027,285.32000625,46.905773133333334,15.160990666666667,20.7389315
178,KXHIGHNY-26MAY16-B78.5,KNYC,2026-05-16,NO,2026-05-15 18:51:05.091583+00:00,0.6599999999999999,7,0.11,False,,0.2800308115103102,0.043969188489689906,4.881656804733728,163.382034,0.66,0.65,,1.1102230246251565e-16,,1.1102230246251565e-16,0.02000000000000013,0.02000000000000013,285.30949325,46.89526013333333,15.150477666666667,20.7284185
177,KXHIGHNY-26MAY16-T76,KNYC,2026-05-16,YES,2026-05-15 18:51:03.877830+00:00,0.050000000000000044,93,0.31,False,,0.20344922228230267,0.1501158889489693,4.6875,162.168281,0.05,0.04,,-4.163336342344337e-17,,-0.010000000000000044,-4.163336342344337e-17,-0.020000000000000046,285.2892640333333,46.87503091666667,15.13024845,20.708189283333333
176,KXHIGHNY-26MAY16-T83,KNYC,2026-05-16,YES,2026-05-15 18:51:02.592438+00:00,0.050000000000000044,70,0.24,False,,0.11030697411620942,0.056963125535767725,3.525065781297891,160.882889,0.05,0.03,,-4.163336342344337e-17,,-0.020000000000000046,-0.020000000000000046,-0.010000000000000044,285.2678408333333,46.853607716666666,15.10882525,20.686766083333332
175,KXHIGHNY-26MAY15-T65,KNYC,2026-05-15,YES,2026-05-15 12:14:13.811360+00:00,0.020000000000000018,935,1.29,False,,0.3785821338013826,0.3572007524200012,18.707865168539325,308.303939,0.02,0.01,,-1.734723475976807e-17,,-0.010000000000000018,-0.010000000000000018,0.009999999999999981,249.4220712,10.366298,349.84273556666665,358.77209065
174,KXHIGHNY-26MAY15-B67.5,KNYC,2026-05-15,NO,2026-05-15 12:09:04.367565+00:00,0.39,24,0.4,False,,0.1289981660141302,0.46433516731920316,9.59016393442623,312.465871,0.4,0.39,,0.010000000000000009,,-0.040000000000000036,0.010000000000000009,0.04999999999999999,244.26467461666667,5.2089014166666665,344.68533898333334,353.6146940666667
173,KXHIGHNY-26MAY14-B65.5,KNYC,2026-05-14,NO,2026-05-14 19:55:39.105011+00:00,0.10999999999999999,85,0.59,True,-9.94,0.418988499319963,0.46410542333197063,9.409262759924387,303.547381,0.19,0.12,,0.08000000000000002,,-0.029999999999999985,-0.03999999999999998,-0.04999999999999999,351.5698024,53.08273533333333,101.6437232,111.22438983333333
172,KXHIGHMIA-26MAY12-B91.5,KMIA,2026-05-12,NO,2026-05-12 18:35:53.890234+00:00,0.030000000000000027,312,0.64,True,-10.000000000000009,0.5857825856075145,0.3821753723504434,9.362699156513589,6.768686,0.02,0.01,,-0.010000000000000026,,-0.030000000000000027,-0.030000000000000027,-0.030000000000000027,274.5796387,35.813927033333336,14.723537883333334,15.223868333333334
171,KXHIGHNY-26MAY12-T66,KNYC,2026-05-12,YES,2026-05-12 14:03:12.180360+00:00,0.22999999999999998,82,1.02,True,-19.88,0.5866952466219341,0.3442533861568178,18.973621103117505,308.146337,0.23,0.2,,2.7755575615628914e-17,,2.7755575615628914e-17,-0.01999999999999999,0.020000000000000018,1.8844741333333332,3.0364253,110.60675135,109.53636495
170,KXHIGHMIA-26MAY11-B90.5,KMIA,2026-05-11,NO,2026-05-11 14:01:56.470723+00:00,0.30000000000000004,31,0.46,True,-9.760000000000002,0.3226396442915954,0.3625118708599197,9.528392685274303,142.806695,0.3,0.29,,-5.551115123125783e-17,,0.03999999999999998,-0.010000000000000064,0.04999999999999993,2.85774465,3.9300042166666667,79.47511455,77.5998072
169,KXHIGHMIA-26MAY10-B88.5,KMIA,2026-05-10,YES,2026-05-10 15:05:36.870894+00:00,0.040000000000000036,468,1.26,True,-19.980000000000018,0.49496017860022384,0.45225476777858054,18.732989206945096,44.83446,0.04,0.03,,-3.469446951953614e-17,,-0.020000000000000035,-0.040000000000000036,-0.040000000000000036,69.67214821666667,10.532884833333334,2302.6277464333334,
168,KXHIGHNY-26MAY11-B66.5,KNYC,2026-05-11,NO,2026-05-10 14:22:23.979039+00:00,0.75,6,0.08,True,1.42,0.15419069907023786,0.08234776246822369,4.9118387909319905,178.829673,0.85,0.73,,0.09999999999999998,,0.020000000000000018,0.020000000000000018,0.020000000000000018,26.457283966666665,27.53054798333333,2259.4128821833333,
167,KXHIGHNY-26MAY11-B68.5,KNYC,2026-05-11,NO,2026-05-10 14:22:23.653302+00:00,0.77,6,0.08,True,1.2999999999999998,0.08630464357831615,0.13129535642168386,4.920756646216769,178.503936,0.88,0.79,,0.10999999999999999,,0.09999999999999998,0.09999999999999998,0.10999999999999999,26.451855016666666,27.525119033333333,2259.4074532333334,
166,KXHIGHNY-26MAY11-B62.5,KNYC,2026-05-11,YES,2026-05-10 14:22:22.745420+00:00,0.12,39,0.29,True,-4.97,0.21618043527363984,0.08877079671942296,4.709219858156029,177.596054,0.26,0.11,,0.14,,0.03,0.05000000000000002,0.06,26.43672365,27.509987666666667,2259.392321866667,
165,KXHIGHNY-26MAY11-B64.5,KNYC,2026-05-11,NO,2026-05-10 14:11:29.838310+00:00,0.74,6,0.09,True,1.47,0.18887728900573442,0.05741900729056189,4.90909090909091,425.094671,0.85,0.48,,0.10999999999999999,,-0.06999999999999995,-0.050000000000000044,-0.050000000000000044,15.554938483333334,16.6282025,2248.5105367,
164,KXHIGHNY-26MAY11-T62,KNYC,2026-05-11,YES,2026-05-10 14:06:11.433406+00:00,0.43999999999999995,5,0.09,True,2.7100000000000004,0.5461383011960621,0.08880496786272879,2.405247813411079,106.689767,0.47,0.07,,0.030000000000000027,,-0.35999999999999993,-0.35999999999999993,-0.35999999999999993,10.248190083333334,11.3214541,2243.2037883,
163,KXHIGHNY-26MAY11-T69,KNYC,2026-05-11,YES,2026-05-10 14:06:10.285193+00:00,0.050000000000000044,35,0.12,True,-1.8700000000000014,0.08214483777885163,0.028772056713762834,1.7795988179097249,105.541554,0.05,0.03,,-4.163336342344337e-17,,-0.010000000000000044,-0.010000000000000044,-0.010000000000000044,10.2290532,11.302317216666667,2243.184651416667,
162,KXHIGHNY-26MAY10-B74.5,KNYC,2026-05-10,YES,2026-05-10 12:52:09.051598+00:00,0.30000000000000004,20,0.3,True,-6.300000000000001,0.35049150668226936,0.03565817334893598,6.198882804847277,185.172899,0.35,0.34,,0.04999999999999993,,0.04999999999999993,0.04999999999999993,-0.010000000000000064,297.4262329333333,57.87037295,2169.1640915,
161,KXHIGHMIA-26MAY10-B90.5,KMIA,2026-05-10,NO,2026-05-10 11:01:55.052626+00:00,0.4,23,0.39,True,-9.590000000000002,0.12560971510945348,0.45739028489054645,9.592326139088728,941.859258,0.42,0.41,,0.019999999999999962,,-0.040000000000000036,-0.050000000000000044,-0.06,187.19291673333333,7.8349120333333335,2058.9307753,
160,KXHIGHNY-26MAY10-B72.5,KNYC,2026-05-10,YES,2026-05-10 07:57:12.034666+00:00,0.26,4,0.06,True,2.9,0.2802298960648237,0.006383742218669827,1.043334130881143,781.645941,0.26,0.25,,0.0,,-0.020000000000000018,-0.020000000000000018,0.010000000000000009,2.4759507333333333,3.3152797166666668,1874.2138093,
159,KXHIGHNY-26MAY10-B76.5,KNYC,2026-05-10,YES,2026-05-10 05:28:17.784762+00:00,0.28,5,0.08,True,-1.4800000000000002,0.3027019350092094,0.008416220723495075,1.4183619492938648,102.031731,0.28,0.27,,0.0,,-0.10000000000000003,-0.10000000000000003,-0.10000000000000003,34.08798541666667,35.42715811666667,1725.3096442333333,
158,KXHIGHNY-26MAY10-T79,KNYC,2026-05-10,YES,2026-05-10 01:08:34.782023+00:00,0.030000000000000027,34,0.07,True,-1.090000000000001,0.04916617418099878,0.017093003449291433,1.0323696495210704,836.057699,0.03,0.02,,-2.7755575615628914e-17,,-0.010000000000000026,-0.010000000000000026,-0.010000000000000026,314.36736268333334,15.812269766666667,1465.5929319166667,
157,KXHIGHNY-26MAY10-B72.5,KNYC,2026-05-10,NO,2026-05-10 00:47:56.059836+00:00,0.78,6,0.08,True,-4.76,0.191273064563107,0.016326935436892974,4.838463613313309,498.638025,0.78,0.76,,0.0,,-0.020000000000000018,-0.020000000000000018,-0.010000000000000009,293.7219929,55.13960281666667,1444.9475621333333,
156,KXHIGHNY-26MAY10-B74.5,KNYC,2026-05-10,NO,2026-05-10 00:27:31.451105+00:00,0.62,7,0.12,True,2.54,0.19290878342586526,0.17052871657413474,4.869906725576828,175.153251,0.62,0.61,,0.0,,-0.020000000000000018,-0.020000000000000018,-0.040000000000000036,273.3118473833333,34.7294573,1424.5374166166666,
155,KXHIGHNY-26MAY10-B78.5,KNYC,2026-05-10,YES,2026-05-10 00:27:31.109126+00:00,0.050000000000000044,93,0.31,True,-4.9600000000000035,0.15104020935482831,0.09770687602149494,4.6875,174.811272,0.04,0.03,,-0.010000000000000044,,-0.020000000000000046,-0.020000000000000046,-0.020000000000000046,273.3061477333333,34.72375765,1424.5317169666666,
154,KXHIGHNY-26MAY10-T72,KNYC,2026-05-10,YES,2026-05-10 00:27:30.570633+00:00,0.050000000000000044,93,0.31,True,-4.9600000000000035,0.23900772830985026,0.18567439497651686,4.6875,174.272779,0.05,0.04,,-4.163336342344337e-17,,-0.010000000000000044,-0.010000000000000044,-0.010000000000000044,273.29717285,34.714782766666666,1424.5227420833332,
153,KXHIGHNY-26MAY10-B76.5,KNYC,2026-05-10,NO,2026-05-10 00:27:30.240999+00:00,0.7,6,0.09,True,1.7100000000000002,0.1755806962077524,0.10941930379224762,4.895104895104895,173.943145,0.7,0.69,,0.0,,-0.010000000000000009,-0.019999999999999907,-0.010000000000000009,273.29167895,34.70928886666667,1424.5172481833333,
152,KXHIGHCHI-26MAY07-T65,KMDW,2026-05-07,YES,2026-05-07 23:13:15.618520+00:00,0.010000000000000009,1027,0.72,True,-10.990000000000009,0.050685889894399705,0.03998481881358178,10.274214619797904,601.780713,0.01,0.0,,-8.673617379884035e-18,,-0.010000000000000009,-0.010000000000000009,-0.010000000000000009,11.21534535,46.41031361666667,293.19042805,
151,KXHIGHCHI-26MAY07-B64.5,KMDW,2026-05-07,YES,2026-05-07 23:13:12.030268+00:00,0.010000000000000009,1316,0.92,True,-14.08000000000001,0.06211763256264946,0.051418544416752796,13.161018323901375,598.192461,0.01,0.0,,-8.673617379884035e-18,,-0.010000000000000009,-0.010000000000000009,-0.010000000000000009,11.15554115,46.35050941666667,293.13062385,
150,KXHIGHCHI-26MAY08-B69.5,KMDW,2026-05-08,NO,2026-05-07 23:13:09.315481+00:00,0.92,21,0.11,True,1.5699999999999992,0.05518236961804435,0.019579535143860377,20.0,595.477674,0.92,0.9,,0.0,,-0.020000000000000018,-0.020000000000000018,-0.030000000000000027,11.1102947,46.30526296666667,293.0853774,
149,KXHIGHMIA-26MAY08-B88.5,KMIA,2026-05-08,YES,2026-05-07 22:11:49.681045+00:00,0.06000000000000005,333,3.33,True,-23.310000000000016,0.17795574433284653,0.10795574433284648,20.0,309.029559,0.06,0.05,,-5.551115123125783e-17,,-0.020000000000000052,-0.04000000000000005,-0.030000000000000054,231.77042203333335,854.9814927,231.7581368,
148,KXHIGHMIA-26MAY08-B92.5,KMIA,2026-05-08,NO,2026-05-07 22:11:49.302271+00:00,0.55,36,0.72,True,-20.52,0.34958372648271624,0.08041627351728374,20.0,308.650785,0.55,0.54,,0.0,,0.010000000000000009,-0.020000000000000018,0.019999999999999907,231.76410913333333,854.9751798,231.7518239,
147,KXHIGHMIA-26MAY08-B90.5,KMIA,2026-05-08,NO,2026-05-07 22:11:48.935691+00:00,0.6599999999999999,30,0.6,True,9.600000000000003,0.2690048965116585,0.05099510348834159,20.0,308.284205,0.66,0.65,,1.1102230246251565e-16,,1.1102230246251565e-16,-0.019999999999999907,0.01000000000000012,231.75799946666666,854.9690701333334,231.74571423333333,
146,KXHIGHCHI-26MAY08-B69.5,KMDW,2026-05-08,YES,2026-05-07 22:11:46.622328+00:00,0.12,75,0.75,True,-9.75,0.15177476693488257,0.021774766934882554,9.026922424682546,305.970842,0.12,0.09,,0.0,,-0.03,-0.039999999999999994,-0.03,231.71944341666668,854.9305140833334,231.70715818333332,
145,KXHIGHCHI-26MAY08-B63.5,KMDW,2026-05-08,YES,2026-05-07 22:11:46.280709+00:00,0.12,114,1.1400000000000001,True,-14.82,0.1683747361165827,0.0383747361165827,13.74282276039282,305.629223,0.12,0.11,,0.0,,-0.039999999999999994,-0.04999999999999999,-0.039999999999999994,231.71374976666667,854.9248204333334,231.70146453333334,
144,KXHIGHCHI-26MAY08-B67.5,KMDW,2026-05-08,NO,2026-05-07 22:11:45.912943+00:00,0.6,33,0.66,True,12.540000000000001,0.2004929497281882,0.17950705027181182,20.0,305.261457,0.62,0.59,,0.020000000000000018,,-0.05999999999999994,-0.07999999999999996,-0.10999999999999999,231.70762033333332,854.918691,231.6953351,
143,KXHIGHCHI-26MAY08-T63,KMDW,2026-05-08,YES,2026-05-07 22:11:45.561273+00:00,0.06000000000000005,333,3.33,True,-23.310000000000016,0.22216496565176908,0.152164965651769,20.0,304.909787,0.06,0.04,,-5.551115123125783e-17,,-0.01000000000000005,-0.020000000000000052,-0.020000000000000052,231.70175916666668,854.9128298333334,231.68947393333335,
142,KXHIGHNY-26MAY08-T64,KNYC,2026-05-08,YES,2026-05-07 22:11:42.401603+00:00,0.43999999999999995,42,0.84,True,22.680000000000003,0.48184709136252724,0.02184709136252729,18.681737215413953,301.750117,0.44,0.41,,5.551115123125783e-17,,-0.019999999999999962,-0.09999999999999992,-0.09999999999999992,231.649098,854.8601686666667,231.63681276666668,
141,KXHIGHNY-26MAY08-B64.5,KNYC,2026-05-08,NO,2026-05-07 22:11:42.124591+00:00,0.61,32,0.64,True,11.84,0.2303901087050939,0.1396098912949061,20.0,301.473105,0.6,0.59,,-0.010000000000000009,,-0.010000000000000009,-0.14999999999999997,-0.13,231.64448113333333,854.8555518,231.6321959,
140,KXHIGHCHI-26MAY08-B65.5,KMDW,2026-05-08,NO,2026-05-07 22:11:40.722455+00:00,0.72,27,0.54,True,-19.979999999999997,0.20069489806077184,0.059305101939228125,20.0,300.070969,0.72,0.7,,0.0,,-0.010000000000000009,-0.010000000000000009,-0.020000000000000018,231.6211122,854.8321828666667,231.60882696666667,
139,KXHIGHNY-26MAY07-B64.5,KNYC,2026-05-07,NO,2026-05-07 16:04:50.431848+00:00,0.32999999999999996,60,1.2,True,-20.999999999999996,0.17594837870662683,0.4740516212933732,20.0,4795.347133,0.36,0.33,,0.030000000000000027,,-0.17999999999999997,-0.17999999999999997,-0.17999999999999997,1178.1469606,487.9940060833333,164.49759633333332,
138,KXHIGHMIA-26MAY07-B87.5,KMIA,2026-05-07,YES,2026-05-06 21:41:48.116000+00:00,0.06999999999999995,285,2.85,True,-22.799999999999986,0.15144453878160258,0.07144453878160263,20.0,622.668363,0.07,0.06,,5.551115123125783e-17,,-0.02999999999999995,-0.02999999999999995,-0.02999999999999995,75.10836313333333,23.86509828333333,173.07561881666666,
137,KXHIGHMIA-26MAY07-B89.5,KMIA,2026-05-07,YES,2026-05-06 20:44:58.747183+00:00,0.18999999999999995,105,2.1,True,-22.049999999999997,0.27037996649033336,0.060379966490333406,20.0,196.995291,0.19,0.18,,5.551115123125783e-17,,0.04000000000000006,0.04000000000000006,5.551115123125783e-17,18.285549516666666,32.8263018,116.2528052,
136,KXHIGHMIA-26MAY07-B91.5,KMIA,2026-05-07,NO,2026-05-06 20:44:58.416245+00:00,0.43000000000000005,46,0.92,True,-20.700000000000003,0.24731600929108877,0.30268399070891117,20.0,196.664353,0.43,0.42,,-5.551115123125783e-17,,-0.010000000000000064,-0.010000000000000064,0.019999999999999962,18.280033883333335,32.820786166666664,116.24728956666667,
135,KXHIGHMIA-26MAY07-B93.5,KMIA,2026-05-07,YES,2026-05-06 20:44:57.727537+00:00,0.16000000000000003,124,1.24,True,-21.080000000000002,0.23698075203351476,0.06698075203351474,20.0,195.975645,0.15,0.14,,-0.010000000000000037,,0.009999999999999981,0.009999999999999981,0.02999999999999997,18.26855541666667,32.8093077,116.2358111,
134,KXHIGHCHI-26MAY07-B64.5,KMDW,2026-05-07,NO,2026-05-06 20:44:55.098158+00:00,0.9299999999999999,21,0.21,True,1.2600000000000013,0.027235946632474972,0.03276405336752509,20.0,193.346266,0.93,0.92,,1.1102230246251565e-16,,1.1102230246251565e-16,1.1102230246251565e-16,-0.009999999999999898,18.224732433333333,32.76548471666667,116.19198811666666,
133,KXHIGHCHI-26MAY07-B62.5,KMDW,2026-05-07,YES,2026-05-06 20:44:54.760850+00:00,0.08999999999999997,222,2.22,True,-22.199999999999992,0.16965677469417562,0.06965677469417565,20.0,193.008958,0.08,0.07,,-0.009999999999999967,,-0.009999999999999967,-0.009999999999999967,-0.039999999999999966,18.219110633333333,32.75986291666667,116.18636631666666,
132,KXHIGHCHI-26MAY07-B58.5,KMDW,2026-05-07,NO,2026-05-06 20:44:54.446132+00:00,0.72,27,0.54,True,7.0200000000000005,0.219031884688213,0.040968115311787026,20.0,192.69424,0.72,0.71,,0.0,,-0.010000000000000009,-0.010000000000000009,-0.039999999999999925,18.213865333333334,32.754617616666664,116.18112101666667,
131,KXHIGHCHI-26MAY07-B60.5,KMDW,2026-05-07,NO,2026-05-06 20:44:53.856396+00:00,0.62,32,0.64,True,-20.48,0.22530531600534287,0.13469468399465714,20.0,192.104504,0.61,0.59,,-0.010000000000000009,,-0.040000000000000036,-0.040000000000000036,-0.050000000000000044,18.2040364,32.74478868333333,116.17129208333333,
130,KXHIGHCHI-26MAY07-T58,KMDW,2026-05-07,YES,2026-05-06 20:44:53.533282+00:00,0.13,153,1.53,True,-21.42,0.3365464655330205,0.19654646553302046,20.0,191.78139,0.14,0.13,,0.010000000000000009,,-0.010000000000000009,-0.010000000000000009,0.0,18.198651166666668,32.73940345,116.16590685,
129,KXHIGHCHI-26MAY06-B57.5,KMDW,2026-05-06,NO,2026-05-06 20:13:06.730379+00:00,0.17000000000000004,117,1.17,True,-21.060000000000002,0.40190980075384053,0.4180901992461594,20.0,243.786417,0.17,0.11,,-2.7755575615628914e-17,,0.10999999999999999,-0.010000000000000037,-0.010000000000000037,342.7849353,0.9593550666666667,84.38585846666666,
128,KXHIGHMIA-26MAY04-B81.5,KMIA,2026-05-04,YES,2026-05-04 05:30:04.944685+00:00,0.21999999999999997,63,1.26,True,47.88,0.2633082848829604,0.0233082848829604,13.880860539410389,213.396747,0.26,0.25,,0.040000000000000036,,-0.09999999999999998,-0.09999999999999998,-0.11999999999999997,194.86677035,8.446343216666667,12.9597183,
127,KXHIGHMIA-26MAY04-T86,KMIA,2026-05-04,YES,2026-05-04 03:59:22.974547+00:00,0.06999999999999995,285,2.85,True,-22.799999999999986,0.2982929218026181,0.2182929218026182,20.0,186.903516,0.03,0.02,,-0.03999999999999995,,-0.02999999999999995,5.551115123125783e-17,0.04000000000000005,104.16726805,38.402674016666666,222.32321771666668,
126,KXHIGHMIA-26MAY04-T86,KMIA,2026-05-04,NO,2026-05-04 02:28:18.903078+00:00,0.94,21,0.21,True,1.0500000000000012,0.006713859823456736,0.043286140176543315,20.0,138.49471,0.95,0.92,,0.010000000000000009,,-0.039999999999999925,-0.029999999999999916,0.020000000000000018,13.099410233333334,7.64617615,131.2553599,
125,KXHIGHMIA-26MAY04-B85.5,KMIA,2026-05-04,YES,2026-05-04 01:27:30.859891+00:00,0.06000000000000005,333,3.33,True,-23.310000000000016,0.18353307635744093,0.11353307635744088,20.0,104.464697,0.09,0.05,,0.029999999999999943,,-0.020000000000000052,-0.020000000000000052,0.16999999999999996,324.75586845,7.100700983333334,70.45464011666667,
124,KXHIGHNY-26MAY04-B70.5,KNYC,2026-05-04,YES,2026-05-04 01:27:23.652514+00:00,0.18999999999999995,97,1.94,True,-20.369999999999997,0.24996447848111158,0.039964478481111634,18.507555086762853,97.25732,0.19,0.16,,5.551115123125783e-17,,-0.019999999999999934,-0.019999999999999934,0.04000000000000006,324.6357455,6.980578033333333,70.33451716666667,
123,KXHIGHMIA-26MAY04-B79.5,KMIA,2026-05-04,YES,2026-05-04 01:12:17.864172+00:00,0.06000000000000005,137,1.37,True,-9.590000000000007,0.0910408948451954,0.021040894845195342,8.255557139679613,94.30555,0.07,0.04,,0.009999999999999953,,-0.01000000000000005,-0.01000000000000005,-0.030000000000000054,309.5392731333333,52.36209076666667,55.2380448,
122,KXHIGHNY-26MAY04-B74.5,KNYC,2026-05-04,NO,2026-05-04 00:11:33.671734+00:00,0.6699999999999999,29,0.58,True,8.990000000000002,7.797718126978381e-06,0.3099922022818731,20.0,61.185073,0.67,0.66,,1.1102230246251565e-16,,1.1102230246251565e-16,0.030000000000000027,0.020000000000000018,248.8027325,51.9343943,354.43382765,
121,KXHIGHMIA-26MAY04-B79.5,KMIA,2026-05-04,NO,2026-05-04 00:11:31.744420+00:00,0.88,22,0.22,True,2.4199999999999995,0.09122985084401058,0.01877014915598941,20.0,59.257759,0.88,0.86,,0.0,,0.020000000000000018,0.030000000000000027,0.050000000000000044,248.7706106,51.9022724,354.40170575,
120,KXHIGHMIA-26MAY04-B83.5,KMIA,2026-05-04,NO,2026-05-04 00:11:30.726302+00:00,0.6799999999999999,29,0.58,True,8.700000000000001,0.026385788009619326,0.2736142119903807,20.0,58.239641,0.68,0.65,,1.1102230246251565e-16,,-0.039999999999999925,-0.1299999999999999,-0.1399999999999999,248.75364196666666,51.88530376666667,354.38473711666666,
119,KXHIGHMIA-26MAY04-B81.5,KMIA,2026-05-04,NO,2026-05-04 00:11:30.444757+00:00,0.61,32,0.64,True,-20.16,0.06421672216035512,0.3057832778396449,20.0,57.958096,0.61,0.6,,0.0,,-0.13,-0.04999999999999993,-0.04999999999999993,248.74894955,51.88061135,354.3800447,
118,KXHIGHMIA-26MAY04-B85.5,KMIA,2026-05-04,NO,2026-05-04 00:11:29.537161+00:00,0.9299999999999999,21,0.21,True,1.2600000000000013,0.004370804430326891,0.05562919556967317,20.0,57.0505,0.93,0.91,,1.1102230246251565e-16,,-0.009999999999999898,1.1102230246251565e-16,-0.019999999999999907,248.73382295,51.86548475,354.3649181,
117,KXHIGHNY-26MAY04-B76.5,KNYC,2026-05-04,NO,2026-05-04 00:11:22.500683+00:00,0.97,20,0.2,True,0.4000000000000005,3.5037406085347556e-06,0.01999649625939149,20.0,50.014022,0.97,0.96,,0.0,,-0.010000000000000009,-0.010000000000000009,0.0,248.61654831666667,51.74821011666667,354.24764346666666,
116,KXHIGHNY-26MAY04-B70.5,KNYC,2026-05-04,NO,2026-05-04 00:11:22.204253+00:00,0.87,22,0.22,True,2.64,3.862235071927511e-05,0.11996137764928073,20.0,49.717592,0.87,0.83,,0.0,,-0.05999999999999994,-0.050000000000000044,-0.05999999999999994,248.61160781666666,51.743269616666666,354.2427029666667,
115,KXHIGHNY-26MAY04-B72.5,KNYC,2026-05-04,NO,2026-05-04 00:11:21.673768+00:00,0.51,39,0.78,True,-20.67,1.7354140840475374e-05,0.4699826458591595,20.0,49.187107,0.51,0.5,,0.0,,-0.08000000000000002,-0.07,-0.04999999999999999,248.6027664,51.7344282,354.23386155,
114,KXHIGHNY-26MAY03-B61.5,KNYC,2026-05-03,YES,2026-05-03 21:09:00.684365+00:00,0.050000000000000044,399,3.99,True,-23.94000000000002,0.12668293400721375,0.06668293400721371,20.0,848.760962,0.06,0.05,,0.009999999999999953,,-4.163336342344337e-17,0.009999999999999953,-4.163336342344337e-17,66.25294301666666,50.32010913333333,171.88403816666667,
113,KXHIGHMIA-26MAY03-B83.5,KMIA,2026-05-03,YES,2026-05-03 15:49:49.406584+00:00,0.29000000000000004,53,1.06,True,-16.43,0.33377944669839693,0.023779446698396895,15.415298133238357,1559.74309,0.39,0.36,,0.09999999999999998,,0.05999999999999994,0.25,0.20999999999999996,120.28121801666667,32.93302325,212.69871715,
112,KXHIGHMIA-26MAY03-B81.5,KMIA,2026-05-03,YES,2026-05-03 02:28:17.083393+00:00,0.13,153,1.53,True,131.57999999999998,0.21201097575811245,0.07201097575811245,20.0,408.257778,0.21,0.2,,0.07999999999999999,,0.04999999999999999,0.04999999999999999,0.07999999999999999,372.24539275,15.00050735,131.1664614,
111,KXHIGHMIA-26MAY03-T86,KMIA,2026-05-03,NO,2026-05-03 02:13:06.248568+00:00,0.92,21,0.21,True,1.4699999999999993,0.03321572324302391,0.03678427675697604,20.0,399.473853,,,,,,,,,357.06481233333335,60.05697036666667,115.98588098333333,
110,KXHIGHMIA-26MAY03-B79.5,KMIA,2026-05-03,YES,2026-05-03 00:11:38.797072+00:00,0.13,153,1.53,True,-21.42,0.21478461586787112,0.07478461586787112,20.0,329.135508,0.13,0.12,,0.0,,-0.010000000000000009,-0.03,0.010000000000000009,235.6072874,59.17420241666667,300.9026215,
109,KXHIGHMIA-26MAY03-B85.5,KMIA,2026-05-03,NO,2026-05-03 00:11:35.640038+00:00,0.87,22,0.22,True,2.64,0.024726855403556014,0.095273144596444,20.0,325.978474,,,,,,,,,235.55467016666665,59.12158518333333,300.85000426666664,
108,KXHIGHMIA-26MAY03-T79,KMIA,2026-05-03,YES,2026-05-02 20:09:08.270416+00:00,0.07999999999999996,130,1.3,True,-11.699999999999996,0.11844113366958878,0.0284411336695888,10.44596023630131,211.791109,0.08,0.05,,4.163336342344337e-17,,-0.029999999999999957,-0.019999999999999962,-0.059999999999999956,55.39510488333333,57.71511301666666,58.3938439,
107,KXHIGHNY-26MAY03-T66,KNYC,2026-05-03,NO,2026-05-02 19:08:28.431323+00:00,0.96,20,0.2,True,0.6000000000000008,0.004472603443718359,0.025527396556281674,20.0,183.948956,,,,,,,,,324.53318923333336,24.257161416666666,51.35011911666667,
106,KXHIGHCHI-26MAY02-B53.5,KMDW,2026-05-02,NO,2026-05-02 18:53:20.991564+00:00,0.6599999999999999,30,0.6,True,9.600000000000003,0.26083207775366646,0.059167922246333646,20.0,179.405993,,,,,,,,,309.40919325,9.133165433333334,36.22612313333333,
105,KXHIGHCHI-26MAY02-B57.5,KMDW,2026-05-02,YES,2026-05-02 18:23:01.598563+00:00,0.14,64,0.64,True,-9.600000000000001,0.17114745777974594,0.021147457779745922,9.054493540623817,165.244117,0.14,0.12,,0.0,,-0.04000000000000001,-0.07,,279.08597656666666,39.23796981666667,5.90290645,
104,KXHIGHNY-26MAY03-B65.5,KNYC,2026-05-03,NO,2026-05-02 17:07:14.503184+00:00,0.9299999999999999,21,0.21,True,1.2600000000000013,0.004285624807182753,0.05571437519281731,20.0,134.836028,,,,,,,,,203.30105358333333,23.772708316666666,290.17322606666664,
103,KXHIGHNY-26MAY03-B63.5,KNYC,2026-05-03,YES,2026-05-02 17:07:14.271933+00:00,0.050000000000000044,71,0.71,True,-4.260000000000003,0.0635220616325135,0.00352206163251346,3.5584372717140673,134.604777,0.05,0.04,,-4.163336342344337e-17,,-0.010000000000000044,-0.010000000000000044,-4.163336342344337e-17,203.2971994,23.768854133333335,290.1693718833333,
102,KXHIGHMIA-26MAY03-T86,KMIA,2026-05-03,YES,2026-05-02 16:52:02.150785+00:00,0.09999999999999998,161,1.61,True,-17.709999999999997,0.1582787988958516,0.04827879889585165,16.18855524884767,125.010172,0.1,0.07,,2.7755575615628914e-17,,-0.06999999999999998,-0.06999999999999998,-0.02999999999999997,188.09518026666666,8.566835,274.96735275,
101,KXHIGHCHI-26MAY03-B68.5,KMDW,2026-05-03,NO,2026-05-02 16:45:00.947088+00:00,0.79,25,0.5,True,4.749999999999999,0.05393134926685217,0.1360686507331478,20.0,606.450355,,,,,,,,,181.07511865,1.5467733833333333,267.94729113333335,
100,KXHIGHCHI-26MAY03-B72.5,KMDW,2026-05-03,NO,2026-05-02 16:45:00.727541+00:00,0.96,20,0.2,True,0.6000000000000008,0.005238107949464776,0.024761892050535257,20.0,606.230808,,,,,,,,,181.07145953333332,1.5431142666666666,267.94363201666664,
99,KXHIGHCHI-26MAY03-B70.5,KMDW,2026-05-03,NO,2026-05-02 16:45:00.329428+00:00,0.9299999999999999,21,0.21,True,1.2600000000000013,0.028353617248843888,0.03164638275115617,20.0,605.832695,,,,,,,,,181.06482431666666,1.53647905,267.9369968,
98,KXHIGHCHI-26MAY03-T66,KMDW,2026-05-03,YES,2026-05-02 16:45:00.085085+00:00,0.35,57,1.1400000000000001,True,-21.09,0.766663163820067,0.39666316382006706,20.0,605.588352,0.35,0.34,,0.0,,-0.009999999999999953,-0.009999999999999953,0.030000000000000027,181.06075193333334,1.5324066666666667,267.93292441666665,
97,KXHIGHCHI-26MAY03-B66.5,KMDW,2026-05-03,NO,2026-05-02 16:44:59.819290+00:00,0.76,26,0.52,True,-20.28,0.14153964256649676,0.07846035743350321,20.0,605.322557,,,,,,,,,181.05632201666666,1.52797675,267.9284945,
96,KXHIGHCHI-26MAY02-B57.5,KMDW,2026-05-02,NO,2026-05-02 16:44:59.592387+00:00,0.7,28,0.56,True,7.840000000000002,0.14772911246992593,0.13227088753007413,20.0,605.095654,,,,,,,,,181.0525403,1.5241950333333334,267.92471278333335,
95,KXHIGHCHI-26MAY02-B55.5,KMDW,2026-05-02,NO,2026-05-02 16:44:59.387317+00:00,0.44999999999999996,44,0.88,True,-20.679999999999996,0.4160472794385328,0.11395272056146726,20.0,604.890584,,,,,,,,,181.04912246666666,1.5207772,267.92129495,
94,KXHIGHCHI-26MAY02-B53.5,KMDW,2026-05-02,YES,2026-05-02 16:44:59.204364+00:00,0.08999999999999997,222,2.22,True,-22.199999999999992,0.31844849544128534,0.21844849544128536,20.0,604.707631,0.1,0.09,,0.010000000000000037,,0.050000000000000044,0.07000000000000003,0.13000000000000003,181.04607325,1.5177279833333333,267.9182457333333,
93,KXHIGHMIA-26MAY03-B85.5,KMIA,2026-05-03,YES,2026-05-02 16:44:55.783796+00:00,0.12,166,1.6600000000000001,True,-21.58,0.22765950917591926,0.09765950917591927,20.0,601.287063,0.12,0.11,,0.0,,-0.009999999999999995,0.0,0.020000000000000018,180.98906378333334,1.4607185166666667,267.86123626666665,
92,KXHIGHMIA-26MAY03-B79.5,KMIA,2026-05-03,NO,2026-05-02 16:44:55.586275+00:00,0.85,23,0.23,True,3.2200000000000006,0.11574054451179047,0.024259455488209507,20.0,601.089542,,,,,,,,,180.98577176666666,1.4574265,267.85794425,
91,KXHIGHMIA-26MAY03-B83.5,KMIA,2026-05-03,NO,2026-05-02 16:44:55.346283+00:00,0.71,28,0.56,True,7.5600000000000005,0.19846169473803038,0.0715383052619696,20.0,600.84955,,,,,,,,,180.9817719,1.4534266333333332,267.8539443833333,
90,KXHIGHMIA-26MAY03-B81.5,KMIA,2026-05-03,NO,2026-05-02 16:44:55.128277+00:00,0.6599999999999999,30,0.6,True,-20.4,0.1814183190088195,0.13858168099118062,20.0,600.631544,,,,,,,,,180.97813846666668,1.4497932,267.85031095,
89,KXHIGHMIA-26MAY02-T94,KMIA,2026-05-02,YES,2026-05-02 16:44:54.170581+00:00,0.21999999999999997,90,1.8,True,-21.599999999999998,0.46421863240275385,0.2242186324027539,20.0,599.673848,0.18,0.16,,-0.03999999999999998,,-0.019999999999999962,-0.019999999999999962,-0.019999999999999962,180.96217686666665,1.4338316,267.83434935,
88,KXHIGHMIA-26MAY02-B93.5,KMIA,2026-05-02,NO,2026-05-02 16:44:53.989812+00:00,0.44999999999999996,44,0.88,True,-20.679999999999996,0.45863226964564974,0.0713677303543503,20.0,599.493079,,,,,,,,,180.95916405,1.4308187833333332,267.83133653333334,
87,KXHIGHMIA-26MAY02-B91.5,KMIA,2026-05-02,NO,2026-05-02 16:44:53.811213+00:00,0.76,26,0.52,True,5.720000000000001,0.06057806377309742,0.15942193622690262,20.0,599.31448,,,,,,,,,180.9561874,1.4278421333333333,267.82835988333335,
86,KXHIGHNY-26MAY03-B59.5,KNYC,2026-05-03,NO,2026-05-02 14:21:23.911027+00:00,0.7,28,0.56,True,-20.159999999999997,0.1959860784903853,0.08401392150961474,20.0,114.279578,,,,,,,,,37.45785096666667,39.105792466666664,124.33002345,
85,KXHIGHNY-26MAY03-T59,KNYC,2026-05-03,YES,2026-05-02 14:06:20.885897+00:00,0.18000000000000005,111,2.22,True,-22.200000000000003,0.6536288532829552,0.4536288532829551,20.0,114.054527,0.16,0.1,,-0.020000000000000046,,0.08999999999999997,0.08999999999999997,0.10999999999999993,22.407432133333334,24.055373633333332,109.27960461666666,
84,KXHIGHNY-26MAY03-B63.5,KNYC,2026-05-03,NO,2026-05-02 14:06:20.670286+00:00,0.89,22,0.22,True,2.1999999999999997,0.02106088696562536,0.07893911303437463,20.0,113.838916,,,,,,,,,22.40383861666667,24.051780116666666,109.2760111,
83,KXHIGHNY-26MAY03-B61.5,KNYC,2026-05-03,NO,2026-05-02 14:06:20.438667+00:00,0.73,27,0.54,True,6.750000000000001,0.1281787108873107,0.12182128911268932,20.0,113.607297,,,,,,,,,22.3999783,24.0479198,109.27215078333333,
82,KXHIGHNY-26MAY02-B60.5,KNYC,2026-05-02,YES,2026-05-02 08:20:28.984920+00:00,0.42000000000000004,37,0.74,True,20.72,0.45676197834150156,0.01676197834150155,15.845680319612718,112.636948,0.42,0.4,,-5.551115123125783e-17,,-5.551115123125783e-17,0.03999999999999998,0.019999999999999962,48.426462216666664,102.57277486666666,123.38036613333334,
81,KXHIGHNY-26MAY02-B62.5,KNYC,2026-05-02,YES,2026-05-02 06:05:11.238519+00:00,0.19999999999999996,100,2.0,True,-21.999999999999996,0.30050522509729016,0.0805052250972902,20.0,114.229524,0.2,0.19,,5.551115123125783e-17,,0.020000000000000046,0.030000000000000054,0.040000000000000036,161.51965328333333,27.6017538,48.083346883333334,
80,KXHIGHNY-26MAY01-B64.5,KNYC,2026-05-01,YES,2026-05-01 19:32:56.619439+00:00,0.75,26,0.52,True,5.98,0.8229254669134922,0.05292546691349222,20.0,102.075164,0.74,0.7,,-0.010000000000000009,,0.16000000000000003,0.10999999999999999,0.20999999999999996,276.8380852166667,59.56819386666667,,
79,KXHIGHNY-26MAY02-B58.5,KNYC,2026-05-02,YES,2026-05-01 15:01:54.629038+00:00,0.21999999999999997,38,0.76,True,-9.12,0.24654850398055367,0.006548503980553722,8.50913589120311,89.804259,0.22,0.21,,2.7755575615628914e-17,,0.020000000000000018,0.020000000000000018,0.030000000000000027,5.804911866666667,29.8789555,,
78,KXHIGHNY-26MAY02-B62.5,KNYC,2026-05-02,NO,2026-05-01 14:44:46.763421+00:00,0.76,26,0.52,True,5.720000000000001,0.13522548764300435,0.08477451235699562,20.0,867.030894,,,,,,,,,6.6839105666666665,12.747861883333334,,
77,KXHIGHNY-26MAY02-T58,KNYC,2026-05-02,YES,2026-05-01 14:44:46.415831+00:00,0.050000000000000044,399,3.99,True,-23.94000000000002,0.3742353450117633,0.3142353450117632,20.0,866.683304,0.07,0.05,,0.019999999999999962,,-4.163336342344337e-17,-4.163336342344337e-17,-4.163336342344337e-17,6.6781174,12.742068716666667,,
76,KXHIGHNY-26MAY02-T65,KNYC,2026-05-02,NO,2026-05-01 14:44:46.041796+00:00,0.96,20,0.2,True,0.6000000000000008,0.007080085274901671,0.022919914725098363,20.0,866.309269,,,,,,,,,6.671883483333334,12.7358348,,
75,KXHIGHNY-26MAY02-B64.5,KNYC,2026-05-02,NO,2026-05-01 14:44:45.842673+00:00,0.92,21,0.21,True,1.4699999999999993,0.022845428603938345,0.04715457139606162,20.0,866.110146,,,,,,,,,6.668564766666667,12.732516083333334,,
74,KXHIGHNY-26MAY02-B64.5,KNYC,2026-05-02,YES,2026-05-01 14:16:45.690946+00:00,0.09999999999999998,200,2.0,True,-21.999999999999996,0.20005320141755734,0.09005320141755735,20.0,88.681146,0.1,0.08,,2.7755575615628914e-17,,-0.019999999999999976,-0.049999999999999975,-0.03999999999999998,23.081955066666666,45.04420745,,
73,KXHIGHNY-26MAY02-T65,KNYC,2026-05-02,YES,2026-05-01 14:16:45.151177+00:00,0.050000000000000044,275,2.75,True,-16.500000000000014,0.10229337026290752,0.042293370262907484,13.761413227080917,88.141377,0.05,0.02,,-4.163336342344337e-17,,-0.010000000000000044,-0.010000000000000044,-0.010000000000000044,23.072958916666668,45.0352113,,
72,KXHIGHNY-26MAY02-B58.5,KNYC,2026-05-02,NO,2026-05-01 14:01:42.301128+00:00,0.6799999999999999,29,0.58,True,8.700000000000001,0.12146856146362685,0.17853143853637324,20.0,86.666265,,,,,,,,,8.0254581,29.987710483333334,,
71,KXHIGHNY-26MAY02-B60.5,KNYC,2026-05-02,NO,2026-05-01 14:01:42.116628+00:00,0.73,27,0.54,True,-20.25,0.22340707345208563,0.02659292654791436,20.0,86.481765,,,,,,,,,8.0223831,29.984635483333335,,
70,KXHIGHNY-26MAY01-T62,KNYC,2026-05-01,NO,2026-05-01 08:00:57.015563+00:00,0.96,20,0.2,True,0.6000000000000008,0.007984881816915148,0.022015118183084888,20.0,68.789147,,,,,,,,,11.810683816666666,30.1273439,,
69,KXHIGHNY-26MAY01-B62.5,KNYC,2026-05-01,YES,2026-05-01 01:44:59.803259+00:00,0.17000000000000004,93,0.93,True,-16.740000000000006,0.22253264449130908,0.042532644491309037,15.82308569015333,43.551486,0.17,0.16,,-2.7755575615628914e-17,,-0.06000000000000004,-0.050000000000000044,-0.050000000000000044,374.77702991666666,15.061716283333332,,
68,KXHIGHNY-26MAY01-B68.5,KNYC,2026-05-01,NO,2026-05-01 00:59:50.155731+00:00,0.96,20,0.2,True,0.6000000000000008,0.0020148014135277226,0.02798519858647231,20.0,37.849197,,,,,,,,,329.61623778333336,30.125222916666665,,
67,KXHIGHNY-26MAY01-T69,KNYC,2026-05-01,NO,2026-05-01 00:44:47.618752+00:00,0.96,20,0.2,True,0.6000000000000008,0.0016440098952926752,0.02835599010470736,20.0,37.020742,,,,,,,,,314.5739548,15.082939933333334,,
66,KXHIGHNY-26MAY01-B66.5,KNYC,2026-05-01,NO,2026-04-30 22:44:21.191041+00:00,0.65,30,0.6,True,9.9,0.3041366249141183,0.025863375085881674,20.0,25.45309,,,,,,,,,194.13349295,14.985591416666667,,
65,KXHIGHNY-26MAY01-B62.5,KNYC,2026-05-01,NO,2026-04-30 17:14:57.492960+00:00,0.78,25,0.5,True,4.999999999999999,0.16106660995914546,0.03893339004085451,20.0,419.467587,,,,,,,,,59.253071133333336,36.04708255,,
64,KXHIGHNY-26MAY01-B68.5,KNYC,2026-05-01,YES,2026-04-30 17:14:57.302341+00:00,0.06999999999999995,279,2.79,True,-22.319999999999986,0.14281537778388886,0.06281537778388892,19.574026285991643,419.276968,0.07,0.06,,5.551115123125783e-17,,-0.03999999999999995,-0.03999999999999995,-0.03999999999999995,59.24989415,36.043905566666666,,
63,KXHIGHNY-26MAY01-B64.5,KNYC,2026-05-01,NO,2026-04-30 17:14:56.937451+00:00,0.61,32,0.64,True,-20.16,0.28159413142330125,0.08840586857669876,20.0,418.912078,,,,,,,,,59.24381265,36.037824066666666,,
62,KXHIGHNY-26MAY01-B66.5,KNYC,2026-05-01,YES,2026-04-30 17:14:56.554822+00:00,0.25,80,1.6,True,-21.6,0.35673843846383924,0.08673843846383923,20.0,418.529449,0.29,0.28,,0.03999999999999998,,-0.010000000000000009,0.020000000000000018,0.0,59.2374355,36.03144691666667,,
61,KXHIGHNY-26APR30-B63.5,KNYC,2026-04-30,YES,2026-04-30 16:52:57.922522+00:00,0.06000000000000005,80,0.8,True,-5.600000000000004,0.07808124504751057,0.008081245047510512,4.808841767954924,1.579009,0.06,0.02,,-5.551115123125783e-17,,-0.05000000000000005,-0.020000000000000052,-0.030000000000000054,37.2602305,14.054241916666667,,
60,KXHIGHNY-26APR30-B67.5,KNYC,2026-04-30,NO,2026-04-29 19:18:54.189053+00:00,0.97,20,0.2,True,0.4000000000000005,2.8517212405820835e-05,0.019971482787594204,20.0,814.402021,,,,,,,,,,44.01295136666667,,
59,KXHIGHNY-26APR30-B65.5,KNYC,2026-04-30,NO,2026-04-29 19:18:53.582723+00:00,0.92,21,0.21,True,1.4699999999999993,6.346622337560781e-05,0.06993653377662436,20.0,813.795691,,,,,,,,,,44.00284586666667,,
58,KXHIGHNY-26APR30-B61.5,KNYC,2026-04-30,NO,2026-04-29 19:18:53.150024+00:00,0.75,26,0.52,True,5.98,0.00031435026223347595,0.22968564973776653,20.0,813.362992,,,,,,,,,,43.995634216666666,,
57,KXHIGHNY-26APR30-T61,KNYC,2026-04-30,NO,2026-04-29 16:33:05.830316+00:00,0.77,25,0.5,True,-19.75,0.1835675929981614,0.026432407001838593,20.0,785.7079,,,,,,,,,,58.74397568333333,,
56,KXHIGHNY-26APR30-T61,KNYC,2026-04-30,YES,2026-04-29 14:32:35.249735+00:00,0.17000000000000004,24,0.24,True,19.68,0.1835675929981614,0.0035675929981613484,4.08662439703655,768.405958,0.17,0.15,,-2.7755575615628914e-17,,-2.7755575615628914e-17,0.009999999999999953,0.02999999999999997,,58.67168288333333,,
55,KXHIGHNY-26APR30-B65.5,KNYC,2026-04-30,YES,2026-04-29 14:32:35.046058+00:00,0.12,130,1.3,True,-16.9,0.17508850759566952,0.04508850759566952,15.650144203315202,768.202281,0.18,0.13,,0.06,,-0.009999999999999995,-0.01999999999999999,0.010000000000000009,,58.668288266666664,,
54,KXHIGHNY-26APR30-B61.5,KNYC,2026-04-30,YES,2026-04-29 14:17:32.363756+00:00,0.31000000000000005,63,1.26,True,-20.790000000000006,0.364283478298822,0.03428347829882196,19.667926919863028,766.981669,0.49,0.3,,0.17999999999999994,,-0.050000000000000044,-0.06000000000000005,-0.06000000000000005,,43.623583233333335,,
53,KXHIGHNY-26APR30-B63.5,KNYC,2026-04-30,NO,2026-04-29 14:17:32.161554+00:00,0.69,28,0.56,True,8.120000000000001,0.2408986964473454,0.04910130355265464,20.0,766.779467,,,,,,,,,,43.6202132,,
52,KXHIGHNY-26APR29-B58.5,KNYC,2026-04-29,YES,2026-04-29 12:02:07.782385+00:00,0.050000000000000044,383,3.83,True,-22.980000000000018,0.12295627181640312,0.06295627181640308,19.199018899053442,758.811272,0.06,0.05,,0.009999999999999953,,-0.010000000000000044,-0.010000000000000044,-0.030000000000000044,,28.646373133333334,,
51,KXHIGHNY-26APR29-B60.5,KNYC,2026-04-29,YES,2026-04-29 03:00:54.903088+00:00,0.45999999999999996,43,0.86,True,22.360000000000003,0.5055283431807054,0.02552834318070542,20.0,726.661525,0.47,0.46,,0.010000000000000009,,5.551115123125783e-17,5.551115123125783e-17,0.010000000000000009,,28.642492783333335,,
50,KXHIGHNY-26APR29-T63,KNYC,2026-04-29,NO,2026-04-29 00:45:26.695297+00:00,0.9299999999999999,21,0.21,True,1.2600000000000013,0.0007385325679081234,0.05926146743209194,20.0,712.200762,,,,,,,,,,13.520276133333333,,
49,KXHIGHNY-26APR29-B56.5,KNYC,2026-04-29,YES,2026-04-29 00:45:26.314259+00:00,0.050000000000000044,80,0.8,True,-4.800000000000003,0.06525121661931998,0.00525121661931994,4.0134780577157745,711.819724,0.05,0.04,,-4.163336342344337e-17,,-0.010000000000000044,-0.010000000000000044,-4.163336342344337e-17,,13.5139255,,
48,KXHIGHNY-26APR29-B62.5,KNYC,2026-04-29,YES,2026-04-29 00:00:16.957372+00:00,0.20999999999999996,95,1.9000000000000001,True,-21.849999999999994,0.451750419815103,0.22175041981510304,20.0,706.205708,0.16,0.15,,-0.04999999999999996,,-0.009999999999999953,2.7755575615628914e-17,-0.04999999999999996,,28.628176033333332,,
47,KXHIGHNY-26APR29-T63,KNYC,2026-04-29,YES,2026-04-29 00:00:15.601049+00:00,0.09999999999999998,200,2.0,True,-21.999999999999996,0.35369054210068473,0.24369054210068475,20.0,704.849385,0.1,0.08,,2.7755575615628914e-17,,-0.019999999999999976,-0.03999999999999998,-0.019999999999999976,,28.60557065,,
46,KXHIGHNY-26APR28-B65.5,KNYC,2026-04-28,YES,2026-04-28 17:13:40.249590+00:00,0.69,28,0.56,True,-19.88,0.7333540176802088,0.023354017680208856,20.0,649.811733,0.6,0.57,,-0.08999999999999997,,-0.05999999999999994,-0.009999999999999898,0.25,,43.394804783333335,,
45,KXHIGHNY-26APR29-T56,KNYC,2026-04-29,NO,2026-04-28 15:28:16.522699+00:00,0.96,20,0.2,True,0.6000000000000008,0.0010559711083744558,0.028944028891625624,20.0,645.344293,,,,,,,,,,58.266724733333334,,
44,KXHIGHNY-26APR29-B58.5,KNYC,2026-04-29,NO,2026-04-28 14:12:58.226347+00:00,0.77,25,0.5,True,5.25,0.0037923873715409754,0.20620761262845902,20.0,634.410899,,,,,,,,,,43.11265658333333,,
43,KXHIGHNY-26APR29-B56.5,KNYC,2026-04-29,NO,2026-04-28 14:12:57.624502+00:00,0.95,21,0.21,True,0.840000000000001,0.0017040294891857398,0.038295970510814355,20.0,633.809054,,,,,,,,,,43.102625833333335,,
42,KXHIGHNY-26APR29-B62.5,KNYC,2026-04-29,NO,2026-04-28 14:12:57.419567+00:00,0.85,23,0.23,True,3.2200000000000006,0.05002582384532481,0.0899741761546752,20.0,633.604119,,,,,,,,,,43.09921025,,
41,KXHIGHNY-26APR29-B60.5,KNYC,2026-04-29,NO,2026-04-28 14:12:57.229536+00:00,0.63,31,0.62,True,-20.150000000000002,0.017976045814610375,0.33202395418538966,20.0,633.414088,,,,,,,,,,43.09604306666667,,
40,KXHIGHNY-26APR28-B63.5,KNYC,2026-04-28,YES,2026-04-28 01:41:00.095128+00:00,0.24,83,1.6600000000000001,True,61.42,0.5044062762453687,0.24440627624536873,20.0,579.953092,0.21,0.2,,-0.03,,-0.03,0.0,-0.04999999999999999,,12.910224666666666,,
39,KXHIGHNY-26APR28-T66,KNYC,2026-04-28,NO,2026-04-28 00:10:39.337845+00:00,0.5700000000000001,35,0.7000000000000001,True,14.349999999999998,0.0007972408096228456,0.4092027591903771,20.0,568.327094,,,,,,,,,,45.53136235,,
38,KXHIGHNY-26APR27-T69,KNYC,2026-04-27,YES,2026-04-27 18:54:26.612509+00:00,0.12,38,0.38,True,-4.9399999999999995,0.13622192259531185,0.006221922595311855,4.608500737304506,530.199894,0.31,0.27,,0.19,,0.04000000000000001,-0.01999999999999999,-0.06,,30.133065,,
37,KXHIGHNY-26APR28-B63.5,KNYC,2026-04-28,NO,2026-04-27 14:23:12.683841+00:00,0.85,23,0.23,True,-19.78,0.09081710322901304,0.04918289677098699,20.0,484.69876,,,,,,,,,,59.65027065,,
36,KXHIGHNY-26APR28-B65.5,KNYC,2026-04-28,NO,2026-04-27 14:23:12.492950+00:00,0.71,28,0.56,True,7.5600000000000005,0.12035598455881986,0.14964401544118014,20.0,484.507869,,,,,,,,,,59.64708913333333,,
35,KXHIGHNY-26APR28-T66,KNYC,2026-04-28,YES,2026-04-27 14:23:12.283216+00:00,0.45999999999999996,43,0.86,True,-20.639999999999997,0.7744495866068735,0.2944495866068735,20.0,484.298135,0.29,0.26,,-0.16999999999999998,,-0.009999999999999953,-0.009999999999999953,-0.03999999999999998,,59.64359356666667,,
34,KXHIGHNY-26APR28-B61.5,KNYC,2026-04-28,NO,2026-04-27 14:23:11.707107+00:00,0.92,21,0.21,True,1.4699999999999993,0.00958229677016335,0.060417703229836646,20.0,483.722026,,,,,,,,,,59.63399175,,
33,KXHIGHNY-26APR27-B64.5,KNYC,2026-04-27,YES,2026-04-27 01:36:16.317375+00:00,0.19999999999999996,100,2.0,True,-21.999999999999996,0.4238549014920685,0.20385490149206856,20.0,432.987191,0.2,0.18,,5.551115123125783e-17,,5.551115123125783e-17,-0.019999999999999962,-0.019999999999999962,,14.20904365,,
32,KXHIGHNY-26APR27-B62.5,KNYC,2026-04-27,NO,2026-04-27 00:05:58.706365+00:00,0.96,20,0.2,True,0.6000000000000008,0.003974792966412677,0.026025207033587357,20.0,423.492325,,,,,,,,,,44.19683748333333,,
31,KXHIGHNY-26APR27-B62.5,KNYC,2026-04-27,YES,2026-04-26 19:04:37.981802+00:00,0.06999999999999995,62,0.62,True,-4.959999999999997,0.08629950011548715,0.0062995001154871975,4.38158605255032,371.698478,0.08,0.07,,0.01000000000000005,,-0.02999999999999995,-0.02999999999999995,-0.009999999999999953,,43.542520833333334,,
30,KXHIGHNY-26APR26-B55.5,KNYC,2026-04-26,YES,2026-04-26 18:19:26.563618+00:00,0.050000000000000044,399,3.99,True,375.05999999999995,0.5434239503766849,0.4834239503766849,20.0,364.707369,0.15,0.12,,0.09999999999999995,,-0.020000000000000046,0.12999999999999995,0.03999999999999995,,58.47228883333333,,
29,KXHIGHNY-26APR26-B53.5,KNYC,2026-04-26,YES,2026-04-26 17:04:10.719638+00:00,0.06999999999999995,51,0.51,True,-4.079999999999997,0.08329192137665986,0.0032919213766599096,3.5730971442634156,355.552495,0.04,0.03,,-0.02999999999999995,,-0.05999999999999995,-0.05999999999999995,-0.06999999999999995,,43.32263476666667,,
28,KXHIGHNY-26APR27-B66.5,KNYC,2026-04-27,NO,2026-04-26 14:18:35.755283+00:00,0.75,26,0.52,True,-20.02,0.002092200911917308,0.2279077990880827,20.0,335.802494,,,,,,,,,,58.1537682,,
27,KXHIGHNY-26APR27-B68.5,KNYC,2026-04-27,NO,2026-04-26 14:18:35.540219+00:00,0.72,27,0.54,True,7.0200000000000005,0.0009400864684769861,0.259059913531523,20.0,335.58743,,,,,,,,,,58.1501838,,
26,KXHIGHNY-26APR27-B64.5,KNYC,2026-04-27,NO,2026-04-26 14:18:35.345777+00:00,0.83,24,0.24,True,3.8400000000000007,0.004656278760101107,0.15534372123989892,20.0,335.392988,,,,,,,,,,58.1469431,,
25,KXHIGHNY-26APR27-T69,KNYC,2026-04-27,NO,2026-04-26 14:18:35.150933+00:00,0.9299999999999999,21,0.21,True,1.2600000000000013,0.0007670788030174069,0.05923292119698265,20.0,335.198144,,,,,,,,,,58.1436957,,
24,KXHIGHNY-26APR26-T58,KNYC,2026-04-26,NO,2026-04-25 19:30:20.940597+00:00,0.92,21,0.21,True,1.4699999999999993,0.0027504797590771624,0.0672495202409228,20.0,243.442303,,,,,,,,,,12.29649985,,
23,KXHIGHNY-26APR26-B51.5,KNYC,2026-04-26,YES,2026-04-25 19:30:20.742674+00:00,0.18000000000000005,48,0.96,True,-9.600000000000001,0.2085968359651087,0.008596835965108646,8.718547550338009,243.24438,0.18,0.15,,-5.551115123125783e-17,,-0.06000000000000005,-0.07000000000000005,-0.06000000000000005,,12.293201133333334,,
22,KXHIGHNY-26APR25-B51.5,KNYC,2026-04-25,YES,2026-04-25 19:30:18.862451+00:00,0.10999999999999999,181,1.81,True,159.28,0.5360599789083603,0.41605997890836033,20.0,241.364157,0.12,0.1,,0.010000000000000009,,-0.059999999999999984,-0.03999999999999998,-0.10999999999999999,,12.261864083333334,,
21,KXHIGHNY-26APR26-B53.5,KNYC,2026-04-26,NO,2026-04-25 18:30:08.734930+00:00,0.76,26,0.52,True,5.720000000000001,0.06852874162353556,0.15147125837646438,20.0,266.05478,,,,,,,,,,7493.877147733333,,
20,KXHIGHNY-26APR26-B57.5,KNYC,2026-04-26,NO,2026-04-25 18:30:08.511229+00:00,0.89,22,0.22,True,2.1999999999999997,0.072303554895362,0.027696445104637986,20.0,265.831079,,,,,,,,,,7493.873419383333,,
19,KXHIGHNY-26APR26-T58,KNYC,2026-04-26,YES,2026-04-25 18:30:08.308647+00:00,0.08999999999999997,222,2.22,True,-22.199999999999992,0.3278003132906513,0.2278003132906513,20.0,265.628497,0.09,0.08,,2.7755575615628914e-17,,-0.009999999999999967,-0.009999999999999967,-0.009999999999999967,,7493.870043016666,,
18,KXHIGHNY-26APR26-T51,KNYC,2026-04-26,YES,2026-04-25 18:30:08.105291+00:00,0.15000000000000002,133,1.33,True,-21.28,0.39286465187559255,0.23286465187559252,20.0,265.425141,0.15,0.14,,-2.7755575615628914e-17,,-2.7755575615628914e-17,-0.030000000000000027,-0.030000000000000027,,7493.86665375,,
17,KXHIGHNY-26APR26-B55.5,KNYC,2026-04-26,NO,2026-04-25 18:30:07.834013+00:00,0.73,27,0.54,True,-20.25,0.07230355489536211,0.17769644510463792,20.0,265.153863,,,,,,,,,,7493.86213245,,
16,KXHIGHNY-26APR26-B51.5,KNYC,2026-04-26,NO,2026-04-25 18:30:07.654074+00:00,0.85,23,0.23,True,3.2200000000000006,0.06619918341949649,0.07380081658050354,20.0,264.973924,,,,,,,,,,7493.859133466667,,
15,KXHIGHNY-26APR25-B51.5,KNYC,2026-04-25,NO,2026-04-25 18:30:07.145778+00:00,0.91,21,0.21,True,-19.32,0.029348398032274417,0.05065160196772556,20.0,264.465628,,,,,,,,,,7493.850661866667,,
14,KXHIGHNY-26APR21-B51.5,KNYC,2026-04-21,YES,2026-04-21 16:09:28.071810+00:00,0.19999999999999996,73,1.46,True,56.940000000000005,0.2468997128868892,0.02689971288688924,14.656160277152882,11998.367617,0.3,0.26,,0.10000000000000003,,,,,,1593.1994290666667,,
13,KXHIGHNY-26APR21-B55.5,KNYC,2026-04-21,YES,2026-04-21 04:07:07.300033+00:00,0.13,153,1.53,True,-21.42,0.3920662677343316,0.2520662677343316,20.0,44279.536165,0.11,0.1,,-0.020000000000000004,,-0.06,-0.06,-0.06,,870.8532327833333,,
12,KXHIGHNY-26APR21-B53.5,KNYC,2026-04-21,YES,2026-04-21 00:04:01.196843+00:00,0.37,29,0.58,True,-11.31,0.397874472354972,0.00787447235497198,11.061298553560297,29693.432975,0.4,0.37,,0.030000000000000027,,0.19000000000000006,0.19000000000000006,0.19000000000000006,,627.75151295,,
11,KXHIGHNY-26APR21-B51.5,KNYC,2026-04-21,NO,2026-04-20 20:38:03.444198+00:00,0.64,31,0.62,True,-20.46,0.2905909039539928,0.04940909604600717,20.0,17335.68033,,,,,,,,,,421.78896886666666,,
10,KXHIGHNY-26APR20-B53.5,KNYC,2026-04-20,NO,2026-04-20 15:49:10.576257+00:00,0.61,32,0.64,True,11.84,0.005703140260569839,0.36429685973943016,20.0,2.812389,,,,,,,,,,132.90783651666666,,
9,KXHIGHNY-26APR20-B51.5,KNYC,2026-04-20,NO,2026-04-20 15:49:10.210748+00:00,0.51,39,0.78,True,18.33,0.05041804066197386,0.4195819593380261,20.0,2.44688,,,,,,,,,,132.9017447,,
8,KXHIGHNY-26APR21-T51,KNYC,2026-04-21,YES,2026-04-20 15:49:09.365410+00:00,0.17000000000000004,117,1.17,True,-21.060000000000002,0.3644934412466361,0.18449344124663605,20.0,1.601542,0.17,0.16,,-2.7755575615628914e-17,,-0.16000000000000003,-0.16000000000000003,-0.16000000000000003,,132.88765573333333,,
7,KXHIGHNY-26APR21-B55.5,KNYC,2026-04-21,NO,2026-04-20 15:49:09.148183+00:00,0.9,22,0.22,True,1.9799999999999993,0.0647538923115899,0.02524610768841007,20.0,1.384315,,,,,,,,,,132.88403528333333,,
6,KXHIGHNY-26APR21-B53.5,KNYC,2026-04-21,NO,2026-04-20 15:49:08.427806+00:00,0.63,31,0.62,True,10.850000000000001,0.256713525963684,0.09328647403631597,20.0,0.663938,,,,,,,,,,132.872029,,
5,KXHIGHNY-26APR19-T54,KNYC,2026-04-19,NO,2026-04-19 14:37:41.457585+00:00,0.43000000000000005,46,0.92,True,-20.700000000000003,0.3170261394053599,0.23297386059464,20.0,,,,,,,,,,,1091.2484990833334,,
4,KXHIGHNY-26APR19-B54.5,KNYC,2026-04-19,NO,2026-04-19 14:37:41.265056+00:00,0.65,30,0.6,True,9.9,0.057092286503478196,0.27290771349652176,20.0,,,,,,,,,,,1091.2452902666666,,
3,KXHIGHNY-26APR19-B58.5,KNYC,2026-04-19,YES,2026-04-19 14:37:41.061288+00:00,0.010000000000000009,1189,11.89,True,-23.780000000000012,0.05709228650347836,0.03709228650347835,11.891991541282414,,,,,,,,,,,1091.2418941333333,,
2,KXHIGHNY-26APR19-B60.5,KNYC,2026-04-19,YES,2026-04-19 14:37:40.688754+00:00,0.010000000000000009,1646,16.46,True,-32.920000000000016,0.07521959483652724,0.055219594836527226,16.469594655688695,,,,,,,,,,,1091.2356852333332,,
1,KXHIGHNY-26APR19-T61,KNYC,2026-04-19,YES,2026-04-19 14:37:40.505311+00:00,0.010000000000000009,1999,19.990000000000002,True,-39.98000000000002,0.43647740624767795,0.41647740624767793,20.0,,,,,,,,,,,1091.23262785,,
