signal_id,ticker,ts,station,valid_date,lead_day,lower_f,upper_f,yes_won,original_p_yes,shadow_p_yes,original_brier,shadow_brier,shadow_mean_f,shadow_sigma_f,weights,shadow_action,shadow_side,shadow_pnl
22276,KXHIGHCHI-26MAY09-B74.5,2026-05-09 23:56:16.069024+00:00,KMDW,2026-05-09,0,74.0,76.0,0,0.2738509629263127,0.14408954863741663,0.07499434989566871,0.020761798026534453,71.85255586511953,4.117743090458813,"GFS:0.18,HRRR:0.47,NBM:0.35",OPEN,YES,-19.990000000000016
22275,KXHIGHCHI-26MAY09-T70,2026-05-09 23:56:15.799996+00:00,KMDW,2026-05-09,0,,70.0,0,0.0,0.3263927405125017,0.0,0.10653222105926129,71.85255586511953,4.117743090458813,"GFS:0.18,HRRR:0.47,NBM:0.35",OPEN,YES,-19.990000000000016
22274,KXHIGHCHI-26MAY09-B76.5,2026-05-09 23:56:15.533912+00:00,KMDW,2026-05-09,0,76.0,78.0,1,0.39986924245064925,0.08918662620883966,0.3601569261567576,0.8295810018768359,71.85255586511953,4.117743090458813,"GFS:0.18,HRRR:0.47,NBM:0.35",OPEN,NO,-19.990000000000016
22273,KXHIGHCHI-26MAY09-T77,2026-05-09 23:56:15.275251+00:00,KMDW,2026-05-09,0,78.0,,0,0.326279794623038,0.06772960117884752,0.10645850437925188,0.004587298875845743,71.85255586511953,4.117743090458813,"GFS:0.18,HRRR:0.47,NBM:0.35",OPEN,YES,-14.41000000000001
22272,KXHIGHCHI-26MAY09-B72.5,2026-05-09 23:56:14.992611+00:00,KMDW,2026-05-09,0,72.0,74.0,0,0.0,0.1847123392417931,0.0,0.034118648268175254,71.85255586511953,4.117743090458813,"GFS:0.18,HRRR:0.47,NBM:0.35",OPEN,YES,-19.990000000000016
22271,KXHIGHCHI-26MAY09-B70.5,2026-05-09 23:56:14.726210+00:00,KMDW,2026-05-09,0,70.0,72.0,0,0.0,0.18788914422060138,0.0,0.03530233051594994,71.85255586511953,4.117743090458813,"GFS:0.18,HRRR:0.47,NBM:0.35",OPEN,YES,-19.990000000000016
22240,KXHIGHCHI-26MAY09-T70,2026-05-09 23:51:03.039578+00:00,KMDW,2026-05-09,0,,70.0,0,0.0,0.3263927405125017,0.0,0.10653222105926129,71.85255586511953,4.117743090458813,"GFS:0.18,HRRR:0.47,NBM:0.35",OPEN,YES,-19.990000000000016
22239,KXHIGHCHI-26MAY09-B74.5,2026-05-09 23:51:02.791204+00:00,KMDW,2026-05-09,0,74.0,76.0,0,0.2738509629263094,0.14408954863741663,0.07499434989566688,0.020761798026534453,71.85255586511953,4.117743090458813,"GFS:0.18,HRRR:0.47,NBM:0.35",OPEN,YES,-19.990000000000016
22238,KXHIGHCHI-26MAY09-T77,2026-05-09 23:51:02.523322+00:00,KMDW,2026-05-09,0,78.0,,0,0.3262797946230398,0.06772960117884752,0.10645850437925303,0.004587298875845743,71.85255586511953,4.117743090458813,"GFS:0.18,HRRR:0.47,NBM:0.35",OPEN,YES,-14.41000000000001
22237,KXHIGHCHI-26MAY09-B76.5,2026-05-09 23:51:02.254621+00:00,KMDW,2026-05-09,0,76.0,78.0,1,0.3998692424506508,0.08918662620883966,0.36015692615675576,0.8295810018768359,71.85255586511953,4.117743090458813,"GFS:0.18,HRRR:0.47,NBM:0.35",OPEN,NO,-19.990000000000016
22236,KXHIGHCHI-26MAY09-B72.5,2026-05-09 23:51:02.010779+00:00,KMDW,2026-05-09,0,72.0,74.0,0,0.0,0.1847123392417931,0.0,0.034118648268175254,71.85255586511953,4.117743090458813,"GFS:0.18,HRRR:0.47,NBM:0.35",OPEN,YES,-19.990000000000016
22235,KXHIGHCHI-26MAY09-B70.5,2026-05-09 23:51:01.754706+00:00,KMDW,2026-05-09,0,70.0,72.0,0,0.0,0.18788914422060138,0.0,0.03530233051594994,71.85255586511953,4.117743090458813,"GFS:0.18,HRRR:0.47,NBM:0.35",OPEN,YES,-19.990000000000016
22204,KXHIGHCHI-26MAY09-T70,2026-05-09 23:45:32.607970+00:00,KMDW,2026-05-09,0,,70.0,0,0.0,0.3263927405125017,0.0,0.10653222105926129,71.85255586511953,4.117743090458813,"GFS:0.18,HRRR:0.47,NBM:0.35",OPEN,YES,-19.990000000000016
22203,KXHIGHCHI-26MAY09-B74.5,2026-05-09 23:45:32.296850+00:00,KMDW,2026-05-09,0,74.0,76.0,0,0.2738509629263092,0.14408954863741663,0.07499434989566679,0.020761798026534453,71.85255586511953,4.117743090458813,"GFS:0.18,HRRR:0.47,NBM:0.35",OPEN,YES,-19.990000000000016
22202,KXHIGHCHI-26MAY09-T77,2026-05-09 23:45:32.041911+00:00,KMDW,2026-05-09,0,78.0,,0,0.32627979462303836,0.06772960117884752,0.10645850437925208,0.004587298875845743,71.85255586511953,4.117743090458813,"GFS:0.18,HRRR:0.47,NBM:0.35",OPEN,YES,-14.41000000000001
22201,KXHIGHCHI-26MAY09-B76.5,2026-05-09 23:45:31.782471+00:00,KMDW,2026-05-09,0,76.0,78.0,1,0.3998692424506524,0.08918662620883966,0.36015692615675376,0.8295810018768359,71.85255586511953,4.117743090458813,"GFS:0.18,HRRR:0.47,NBM:0.35",OPEN,NO,-19.990000000000016
22200,KXHIGHCHI-26MAY09-B72.5,2026-05-09 23:45:31.491101+00:00,KMDW,2026-05-09,0,72.0,74.0,0,0.0,0.1847123392417931,0.0,0.034118648268175254,71.85255586511953,4.117743090458813,"GFS:0.18,HRRR:0.47,NBM:0.35",OPEN,YES,-19.990000000000016
22199,KXHIGHCHI-26MAY09-B70.5,2026-05-09 23:45:31.225832+00:00,KMDW,2026-05-09,0,70.0,72.0,0,0.0,0.18788914422060138,0.0,0.03530233051594994,71.85255586511953,4.117743090458813,"GFS:0.18,HRRR:0.47,NBM:0.35",OPEN,YES,-19.990000000000016
22168,KXHIGHCHI-26MAY09-T70,2026-05-09 23:40:19.372166+00:00,KMDW,2026-05-09,0,,70.0,0,0.0,0.3263927405125017,0.0,0.10653222105926129,71.85255586511953,4.117743090458813,"GFS:0.18,HRRR:0.47,NBM:0.35",OPEN,YES,-19.990000000000016
22167,KXHIGHCHI-26MAY09-B74.5,2026-05-09 23:40:19.112954+00:00,KMDW,2026-05-09,0,74.0,76.0,0,0.27385096292630917,0.14408954863741663,0.07499434989566676,0.020761798026534453,71.85255586511953,4.117743090458813,"GFS:0.18,HRRR:0.47,NBM:0.35",OPEN,YES,-19.990000000000016
22166,KXHIGHCHI-26MAY09-T77,2026-05-09 23:40:18.857626+00:00,KMDW,2026-05-09,0,78.0,,0,0.32627979462304013,0.06772960117884752,0.10645850437925325,0.004587298875845743,71.85255586511953,4.117743090458813,"GFS:0.18,HRRR:0.47,NBM:0.35",OPEN,YES,-14.41000000000001
22165,KXHIGHCHI-26MAY09-B76.5,2026-05-09 23:40:18.604523+00:00,KMDW,2026-05-09,0,76.0,78.0,1,0.3998692424506507,0.08918662620883966,0.3601569261567559,0.8295810018768359,71.85255586511953,4.117743090458813,"GFS:0.18,HRRR:0.47,NBM:0.35",OPEN,NO,-19.990000000000016
22164,KXHIGHCHI-26MAY09-B72.5,2026-05-09 23:40:18.343738+00:00,KMDW,2026-05-09,0,72.0,74.0,0,0.0,0.1847123392417931,0.0,0.034118648268175254,71.85255586511953,4.117743090458813,"GFS:0.18,HRRR:0.47,NBM:0.35",OPEN,YES,-19.990000000000016
22163,KXHIGHCHI-26MAY09-B70.5,2026-05-09 23:40:18.062382+00:00,KMDW,2026-05-09,0,70.0,72.0,0,0.0,0.18788914422060138,0.0,0.03530233051594994,71.85255586511953,4.117743090458813,"GFS:0.18,HRRR:0.47,NBM:0.35",OPEN,YES,-19.990000000000016
22136,KXHIGHCHI-26MAY09-T70,2026-05-09 23:35:10.078114+00:00,KMDW,2026-05-09,0,,70.0,0,0.0,0.3263927405125017,0.0,0.10653222105926129,71.85255586511953,4.117743090458813,"GFS:0.18,HRRR:0.47,NBM:0.35",OPEN,YES,-19.990000000000016
22135,KXHIGHCHI-26MAY09-B70.5,2026-05-09 23:35:09.794842+00:00,KMDW,2026-05-09,0,70.0,72.0,0,0.0,0.18788914422060138,0.0,0.03530233051594994,71.85255586511953,4.117743090458813,"GFS:0.18,HRRR:0.47,NBM:0.35",OPEN,YES,-19.990000000000016
22134,KXHIGHCHI-26MAY09-B74.5,2026-05-09 23:35:09.491008+00:00,KMDW,2026-05-09,0,74.0,76.0,0,0.2738509629263079,0.14408954863741663,0.07499434989566606,0.020761798026534453,71.85255586511953,4.117743090458813,"GFS:0.18,HRRR:0.47,NBM:0.35",OPEN,YES,-19.990000000000016
22133,KXHIGHCHI-26MAY09-T77,2026-05-09 23:35:09.228996+00:00,KMDW,2026-05-09,0,78.0,,0,0.3262797946230407,0.06772960117884752,0.10645850437925361,0.004587298875845743,71.85255586511953,4.117743090458813,"GFS:0.18,HRRR:0.47,NBM:0.35",OPEN,YES,-14.41000000000001
22132,KXHIGHCHI-26MAY09-B76.5,2026-05-09 23:35:08.951265+00:00,KMDW,2026-05-09,0,76.0,78.0,1,0.3998692424506514,0.08918662620883966,0.3601569261567551,0.8295810018768359,71.85255586511953,4.117743090458813,"GFS:0.18,HRRR:0.47,NBM:0.35",OPEN,NO,-19.990000000000016
22131,KXHIGHCHI-26MAY09-B72.5,2026-05-09 23:35:08.683157+00:00,KMDW,2026-05-09,0,72.0,74.0,0,0.0,0.1847123392417931,0.0,0.034118648268175254,71.85255586511953,4.117743090458813,"GFS:0.18,HRRR:0.47,NBM:0.35",OPEN,YES,-19.990000000000016
22100,KXHIGHCHI-26MAY09-T70,2026-05-09 23:29:50.976605+00:00,KMDW,2026-05-09,0,,70.0,0,0.0,0.3263927405125017,0.0,0.10653222105926129,71.85255586511953,4.117743090458813,"GFS:0.18,HRRR:0.47,NBM:0.35",OPEN,YES,-19.990000000000016
22099,KXHIGHCHI-26MAY09-B70.5,2026-05-09 23:29:50.726016+00:00,KMDW,2026-05-09,0,70.0,72.0,0,0.0,0.18788914422060138,0.0,0.03530233051594994,71.85255586511953,4.117743090458813,"GFS:0.18,HRRR:0.47,NBM:0.35",OPEN,YES,-19.990000000000016
22098,KXHIGHCHI-26MAY09-B74.5,2026-05-09 23:29:50.446788+00:00,KMDW,2026-05-09,0,74.0,76.0,0,0.27385096292630856,0.14408954863741663,0.07499434989566643,0.020761798026534453,71.85255586511953,4.117743090458813,"GFS:0.18,HRRR:0.47,NBM:0.35",OPEN,YES,-19.990000000000016
22097,KXHIGHCHI-26MAY09-T77,2026-05-09 23:29:50.160852+00:00,KMDW,2026-05-09,0,78.0,,0,0.326279794623041,0.06772960117884752,0.10645850437925383,0.004587298875845743,71.85255586511953,4.117743090458813,"GFS:0.18,HRRR:0.47,NBM:0.35",OPEN,YES,-14.41000000000001
22096,KXHIGHCHI-26MAY09-B76.5,2026-05-09 23:29:49.876683+00:00,KMDW,2026-05-09,0,76.0,78.0,1,0.3998692424506504,0.08918662620883966,0.36015692615675615,0.8295810018768359,71.85255586511953,4.117743090458813,"GFS:0.18,HRRR:0.47,NBM:0.35",OPEN,NO,-19.990000000000016
22095,KXHIGHCHI-26MAY09-B72.5,2026-05-09 23:29:49.630307+00:00,KMDW,2026-05-09,0,72.0,74.0,0,0.0,0.1847123392417931,0.0,0.034118648268175254,71.85255586511953,4.117743090458813,"GFS:0.18,HRRR:0.47,NBM:0.35",OPEN,YES,-19.990000000000016
22060,KXHIGHCHI-26MAY09-B72.5,2026-05-09 23:24:26.021520+00:00,KMDW,2026-05-09,0,72.0,74.0,0,0.0,0.1847123392417931,0.0,0.034118648268175254,71.85255586511953,4.117743090458813,"GFS:0.18,HRRR:0.47,NBM:0.35",OPEN,YES,-19.990000000000016
22059,KXHIGHCHI-26MAY09-B70.5,2026-05-09 23:24:25.760643+00:00,KMDW,2026-05-09,0,70.0,72.0,0,0.0,0.18788914422060138,0.0,0.03530233051594994,71.85255586511953,4.117743090458813,"GFS:0.18,HRRR:0.47,NBM:0.35",OPEN,YES,-19.990000000000016
22058,KXHIGHCHI-26MAY09-B74.5,2026-05-09 23:24:25.506466+00:00,KMDW,2026-05-09,0,74.0,76.0,0,0.2738509629263085,0.14408954863741663,0.07499434989566639,0.020761798026534453,71.85255586511953,4.117743090458813,"GFS:0.18,HRRR:0.47,NBM:0.35",OPEN,YES,-19.990000000000016
22057,KXHIGHCHI-26MAY09-B76.5,2026-05-09 23:24:25.247318+00:00,KMDW,2026-05-09,0,76.0,78.0,1,0.39986924245065136,0.08918662620883966,0.3601569261567551,0.8295810018768359,71.85255586511953,4.117743090458813,"GFS:0.18,HRRR:0.47,NBM:0.35",OPEN,NO,-19.990000000000016
22056,KXHIGHCHI-26MAY09-T70,2026-05-09 23:24:24.971733+00:00,KMDW,2026-05-09,0,,70.0,0,0.0,0.3263927405125017,0.0,0.10653222105926129,71.85255586511953,4.117743090458813,"GFS:0.18,HRRR:0.47,NBM:0.35",OPEN,YES,-19.990000000000016
22055,KXHIGHCHI-26MAY09-T77,2026-05-09 23:24:24.717650+00:00,KMDW,2026-05-09,0,78.0,,0,0.32627979462304013,0.06772960117884752,0.10645850437925325,0.004587298875845743,71.85255586511953,4.117743090458813,"GFS:0.18,HRRR:0.47,NBM:0.35",OPEN,YES,-14.41000000000001
22024,KXHIGHCHI-26MAY09-B72.5,2026-05-09 23:19:10.012704+00:00,KMDW,2026-05-09,0,72.0,74.0,0,0.0,0.1847123392417931,0.0,0.034118648268175254,71.85255586511953,4.117743090458813,"GFS:0.18,HRRR:0.47,NBM:0.35",OPEN,YES,-19.990000000000016
22023,KXHIGHCHI-26MAY09-B70.5,2026-05-09 23:19:09.754019+00:00,KMDW,2026-05-09,0,70.0,72.0,0,0.0,0.18788914422060138,0.0,0.03530233051594994,71.85255586511953,4.117743090458813,"GFS:0.18,HRRR:0.47,NBM:0.35",OPEN,YES,-19.990000000000016
22022,KXHIGHCHI-26MAY09-B74.5,2026-05-09 23:19:09.407285+00:00,KMDW,2026-05-09,0,74.0,76.0,0,0.27385096292630856,0.14408954863741663,0.07499434989566643,0.020761798026534453,71.85255586511953,4.117743090458813,"GFS:0.18,HRRR:0.47,NBM:0.35",OPEN,YES,-19.990000000000016
22021,KXHIGHCHI-26MAY09-B76.5,2026-05-09 23:19:09.142541+00:00,KMDW,2026-05-09,0,76.0,78.0,1,0.399869242450652,0.08918662620883966,0.36015692615675426,0.8295810018768359,71.85255586511953,4.117743090458813,"GFS:0.18,HRRR:0.47,NBM:0.35",OPEN,NO,-19.990000000000016
22020,KXHIGHCHI-26MAY09-T70,2026-05-09 23:19:08.839911+00:00,KMDW,2026-05-09,0,,70.0,0,0.0,0.3263927405125017,0.0,0.10653222105926129,71.85255586511953,4.117743090458813,"GFS:0.18,HRRR:0.47,NBM:0.35",OPEN,YES,-19.990000000000016
22019,KXHIGHCHI-26MAY09-T77,2026-05-09 23:19:08.546777+00:00,KMDW,2026-05-09,0,78.0,,0,0.32627979462303947,0.06772960117884752,0.10645850437925282,0.004587298875845743,71.85255586511953,4.117743090458813,"GFS:0.18,HRRR:0.47,NBM:0.35",OPEN,YES,-14.41000000000001
21988,KXHIGHCHI-26MAY09-B72.5,2026-05-09 23:13:46.419718+00:00,KMDW,2026-05-09,0,72.0,74.0,0,0.0,0.1847123392417931,0.0,0.034118648268175254,71.85255586511953,4.117743090458813,"GFS:0.18,HRRR:0.47,NBM:0.35",OPEN,YES,-19.990000000000016
21987,KXHIGHCHI-26MAY09-B70.5,2026-05-09 23:13:46.107023+00:00,KMDW,2026-05-09,0,70.0,72.0,0,0.0,0.18788914422060138,0.0,0.03530233051594994,71.85255586511953,4.117743090458813,"GFS:0.18,HRRR:0.47,NBM:0.35",OPEN,YES,-19.990000000000016
18288,KXHIGHCHI-26MAY09-B76.5,2026-05-09 04:57:46.168435+00:00,KMDW,2026-05-09,1,76.0,78.0,1,0.12345679012345723,0.24314121446399595,0.7683279987806729,0.572835221243035,75.00846153846157,1.8680422636559488,"GFS:0.46,NBM:0.54",OPEN,YES,248.01000000000002
18287,KXHIGHCHI-26MAY09-B74.5,2026-05-09 04:57:38.329760+00:00,KMDW,2026-05-09,1,74.0,76.0,0,0.27127236016979994,0.40756746202732014,0.07358869339209366,0.16611123610339104,75.00846153846157,1.8680422636559488,"GFS:0.46,NBM:0.54",OPEN,NO,15.489999999999998
18286,KXHIGHCHI-26MAY09-B70.5,2026-05-09 04:57:32.008516+00:00,KMDW,2026-05-09,1,70.0,72.0,0,0.13468399624058813,0.04997685560792453,0.01813977884333476,0.0024976860964553375,75.00846153846157,1.8680422636559488,"GFS:0.46,NBM:0.54",OPEN,NO,1.7599999999999993
18285,KXHIGHCHI-26MAY09-T70,2026-05-09 04:57:28.405314+00:00,KMDW,2026-05-09,1,,70.0,0,0.09253925306358633,0.0036687156236108187,0.008563513357566473,1.3459474326926118e-05,75.00846153846157,1.8680422636559488,"GFS:0.46,NBM:0.54",SKIP,NO,
18284,KXHIGHCHI-26MAY09-T77,2026-05-09 04:57:24.407339+00:00,KMDW,2026-05-09,1,78.0,,0,0.1101283458015434,0.05464088357504182,0.012128252548984322,0.002985626157861275,75.00846153846157,1.8680422636559488,"GFS:0.46,NBM:0.54",SKIP,YES,
18283,KXHIGHCHI-26MAY09-B72.5,2026-05-09 04:57:20.406451+00:00,KMDW,2026-05-09,1,72.0,74.0,0,0.26791925460102495,0.24100486870210674,0.07178072698596882,0.05808334673811971,75.00846153846157,1.8680422636559488,"GFS:0.46,NBM:0.54",OPEN,NO,7.700000000000001
18270,KXHIGHCHI-26MAY09-B76.5,2026-05-09 04:54:59.363833+00:00,KMDW,2026-05-09,1,76.0,78.0,1,0.12345679012345723,0.24314121446399595,0.7683279987806729,0.572835221243035,75.00846153846157,1.8680422636559488,"GFS:0.46,NBM:0.54",OPEN,YES,248.01000000000002
18269,KXHIGHCHI-26MAY09-B74.5,2026-05-09 04:54:55.605871+00:00,KMDW,2026-05-09,1,74.0,76.0,0,0.27042808501425963,0.40756746202732014,0.07313134916447964,0.16611123610339104,75.00846153846157,1.8680422636559488,"GFS:0.46,NBM:0.54",OPEN,NO,15.489999999999998
18268,KXHIGHCHI-26MAY09-B70.5,2026-05-09 04:54:49.205603+00:00,KMDW,2026-05-09,1,70.0,72.0,0,0.13485378784427654,0.04997685560792453,0.018185544095949146,0.0024976860964553375,75.00846153846157,1.8680422636559488,"GFS:0.46,NBM:0.54",OPEN,NO,2.059999999999999
18267,KXHIGHCHI-26MAY09-T70,2026-05-09 04:54:45.209207+00:00,KMDW,2026-05-09,1,,70.0,0,0.09304871424742787,0.0036687156236108187,0.008658063223099487,1.3459474326926118e-05,75.00846153846157,1.8680422636559488,"GFS:0.46,NBM:0.54",SKIP,NO,
18266,KXHIGHCHI-26MAY09-T77,2026-05-09 04:54:40.807204+00:00,KMDW,2026-05-09,1,78.0,,0,0.10951700170944645,0.05464088357504182,0.011993973663426897,0.002985626157861275,75.00846153846157,1.8680422636559488,"GFS:0.46,NBM:0.54",SKIP,YES,
18265,KXHIGHCHI-26MAY09-B72.5,2026-05-09 04:54:26.485417+00:00,KMDW,2026-05-09,1,72.0,74.0,0,0.2686956210611323,0.24100486870210674,0.07219733677742761,0.05808334673811971,75.00846153846157,1.8680422636559488,"GFS:0.46,NBM:0.54",OPEN,NO,7.700000000000001
18251,KXHIGHCHI-26MAY09-B70.5,2026-05-09 04:51:26.329308+00:00,KMDW,2026-05-09,1,70.0,72.0,0,0.13501840009378208,0.04997685560792453,0.018229968363884613,0.0024976860964553375,75.00846153846157,1.8680422636559488,"GFS:0.46,NBM:0.54",OPEN,NO,2.059999999999999
18250,KXHIGHCHI-26MAY09-B74.5,2026-05-09 04:51:15.204928+00:00,KMDW,2026-05-09,1,74.0,76.0,0,0.2696095637827258,0.40756746202732014,0.0726893168831117,0.16611123610339104,75.00846153846157,1.8680422636559488,"GFS:0.46,NBM:0.54",OPEN,NO,15.489999999999998
18249,KXHIGHCHI-26MAY09-T77,2026-05-09 04:51:10.885373+00:00,KMDW,2026-05-09,1,78.0,,0,0.10892430616952631,0.05464088357504182,0.011864504474512707,0.002985626157861275,75.00846153846157,1.8680422636559488,"GFS:0.46,NBM:0.54",SKIP,YES,
18248,KXHIGHCHI-26MAY09-B72.5,2026-05-09 04:51:05.284801+00:00,KMDW,2026-05-09,1,72.0,74.0,0,0.26944830509651874,0.24100486870210674,0.07260238911938664,0.05808334673811971,75.00846153846157,1.8680422636559488,"GFS:0.46,NBM:0.54",OPEN,NO,7.700000000000001
18247,KXHIGHCHI-26MAY09-T70,2026-05-09 04:51:00.245508+00:00,KMDW,2026-05-09,1,,70.0,0,0.09354263473398992,0.0036687156236108187,0.008750224512976659,1.3459474326926118e-05,75.00846153846157,1.8680422636559488,"GFS:0.46,NBM:0.54",SKIP,NO,
18246,KXHIGHCHI-26MAY09-B76.5,2026-05-09 04:50:52.725863+00:00,KMDW,2026-05-09,1,76.0,78.0,1,0.12345679012345712,0.24314121446399595,0.7683279987806731,0.572835221243035,75.00846153846157,1.8680422636559488,"GFS:0.46,NBM:0.54",OPEN,YES,248.01000000000002
18233,KXHIGHCHI-26MAY09-B70.5,2026-05-09 04:47:17.045605+00:00,KMDW,2026-05-09,1,70.0,72.0,0,0.13523633073498512,0.04997685560792453,0.01828886515066228,0.0024976860964553375,75.00846153846157,1.8680422636559488,"GFS:0.46,NBM:0.54",OPEN,NO,2.059999999999999
18232,KXHIGHCHI-26MAY09-B74.5,2026-05-09 04:47:12.084798+00:00,KMDW,2026-05-09,1,74.0,76.0,0,0.26852592111723594,0.40756746202732014,0.07210617031186002,0.16611123610339104,75.00846153846157,1.8680422636559488,"GFS:0.46,NBM:0.54",OPEN,NO,15.489999999999998
18231,KXHIGHCHI-26MAY09-T77,2026-05-09 04:47:08.248948+00:00,KMDW,2026-05-09,1,78.0,,0,0.10813963480125954,0.05464088357504182,0.011694180614949784,0.002985626157861275,75.00846153846157,1.8680422636559488,"GFS:0.46,NBM:0.54",SKIP,YES,
18230,KXHIGHCHI-26MAY09-B72.5,2026-05-09 04:46:54.246665+00:00,KMDW,2026-05-09,1,72.0,74.0,0,0.27044478570441866,0.24100486870210674,0.07314038211470893,0.05808334673811971,75.00846153846157,1.8680422636559488,"GFS:0.46,NBM:0.54",OPEN,NO,7.700000000000001
18229,KXHIGHCHI-26MAY09-T70,2026-05-09 04:46:47.126300+00:00,KMDW,2026-05-09,1,,70.0,0,0.09419653751864354,0.0036687156236108187,0.00887298768050122,1.3459474326926118e-05,75.00846153846157,1.8680422636559488,"GFS:0.46,NBM:0.54",SKIP,NO,
18228,KXHIGHCHI-26MAY09-B76.5,2026-05-09 04:46:41.928581+00:00,KMDW,2026-05-09,1,76.0,78.0,1,0.12345679012345723,0.24314121446399595,0.7683279987806729,0.572835221243035,75.00846153846157,1.8680422636559488,"GFS:0.46,NBM:0.54",OPEN,YES,248.01000000000002
18215,KXHIGHCHI-26MAY09-B70.5,2026-05-09 04:43:45.845938+00:00,KMDW,2026-05-09,1,70.0,72.0,0,0.13543631495858988,0.04997685560792453,0.018342995409562357,0.0024976860964553375,75.00846153846157,1.8680422636559488,"GFS:0.46,NBM:0.54",OPEN,NO,1.7599999999999993
18214,KXHIGHCHI-26MAY09-B74.5,2026-05-09 04:43:37.765014+00:00,KMDW,2026-05-09,1,74.0,76.0,0,0.2675315849858759,0.40756746202732014,0.07157314896505496,0.16611123610339104,75.00846153846157,1.8680422636559488,"GFS:0.46,NBM:0.54",OPEN,NO,15.489999999999998
18213,KXHIGHCHI-26MAY09-T77,2026-05-09 04:43:33.926871+00:00,KMDW,2026-05-09,1,78.0,,0,0.10741958050553757,0.05464088357504182,0.011538966275985668,0.002985626157861275,75.00846153846157,1.8680422636559488,"GFS:0.46,NBM:0.54",SKIP,YES,
18212,KXHIGHCHI-26MAY09-B72.5,2026-05-09 04:43:26.167571+00:00,KMDW,2026-05-09,1,72.0,74.0,0,0.2713591375053574,0.24100486870210674,0.07363578150765146,0.05808334673811971,75.00846153846157,1.8680422636559488,"GFS:0.46,NBM:0.54",OPEN,NO,7.440000000000001
18211,KXHIGHCHI-26MAY09-T70,2026-05-09 04:43:15.765879+00:00,KMDW,2026-05-09,1,,70.0,0,0.09479659192118212,0.0036687156236108187,0.00898639383987113,1.3459474326926118e-05,75.00846153846157,1.8680422636559488,"GFS:0.46,NBM:0.54",SKIP,NO,
18210,KXHIGHCHI-26MAY09-B76.5,2026-05-09 04:43:11.051498+00:00,KMDW,2026-05-09,1,76.0,78.0,1,0.12345679012345712,0.24314121446399595,0.7683279987806731,0.572835221243035,75.00846153846157,1.8680422636559488,"GFS:0.46,NBM:0.54",OPEN,YES,188.08
18197,KXHIGHCHI-26MAY09-B70.5,2026-05-09 04:39:52.324855+00:00,KMDW,2026-05-09,1,70.0,72.0,0,0.13564134142072293,0.04997685560792453,0.018398573502413126,0.0024976860964553375,75.00846153846157,1.8680422636559488,"GFS:0.46,NBM:0.54",OPEN,NO,1.7599999999999993
18196,KXHIGHCHI-26MAY09-B74.5,2026-05-09 04:39:40.965592+00:00,KMDW,2026-05-09,1,74.0,76.0,0,0.2665121839454093,0.40756746202732014,0.07102874419135169,0.16611123610339104,75.00846153846157,1.8680422636559488,"GFS:0.46,NBM:0.54",OPEN,NO,16.29
18195,KXHIGHCHI-26MAY09-T77,2026-05-09 04:39:32.646564+00:00,KMDW,2026-05-09,1,78.0,,0,0.10668137135016242,0.05464088357504182,0.011380914993151256,0.002985626157861275,75.00846153846157,1.8680422636559488,"GFS:0.46,NBM:0.54",SKIP,YES,
18194,KXHIGHCHI-26MAY09-B72.5,2026-05-09 04:39:23.206465+00:00,KMDW,2026-05-09,1,72.0,74.0,0,0.272296537555962,0.24100486870210674,0.07414540436496543,0.05808334673811971,75.00846153846157,1.8680422636559488,"GFS:0.46,NBM:0.54",OPEN,NO,7.440000000000001
18193,KXHIGHCHI-26MAY09-T70,2026-05-09 04:39:18.566509+00:00,KMDW,2026-05-09,1,,70.0,0,0.09541177560428608,0.0036687156236108187,0.00910340692396264,1.3459474326926118e-05,75.00846153846157,1.8680422636559488,"GFS:0.46,NBM:0.54",SKIP,NO,
18192,KXHIGHCHI-26MAY09-B76.5,2026-05-09 04:39:14.006634+00:00,KMDW,2026-05-09,1,76.0,78.0,1,0.12345679012345723,0.24314121446399595,0.7683279987806729,0.572835221243035,75.00846153846157,1.8680422636559488,"GFS:0.46,NBM:0.54",OPEN,YES,188.08
18179,KXHIGHCHI-26MAY09-T77,2026-05-09 04:35:56.405530+00:00,KMDW,2026-05-09,1,78.0,,0,0.1059964320836585,0.05464088357504182,0.011235243614465628,0.002985626157861275,75.00846153846157,1.8680422636559488,"GFS:0.46,NBM:0.54",SKIP,YES,
18178,KXHIGHCHI-26MAY09-B74.5,2026-05-09 04:35:52.489141+00:00,KMDW,2026-05-09,1,74.0,76.0,0,0.26556634387305766,0.40756746202732014,0.07052548299810311,0.16611123610339104,75.00846153846157,1.8680422636559488,"GFS:0.46,NBM:0.54",OPEN,NO,16.29
18177,KXHIGHCHI-26MAY09-B70.5,2026-05-09 04:35:47.846789+00:00,KMDW,2026-05-09,1,70.0,72.0,0,0.13583157297442938,0.04997685560792453,0.018450216216707734,0.0024976860964553375,75.00846153846157,1.8680422636559488,"GFS:0.46,NBM:0.54",OPEN,NO,1.7599999999999993
18176,KXHIGHCHI-26MAY09-B72.5,2026-05-09 04:35:39.450096+00:00,KMDW,2026-05-09,1,72.0,74.0,0,0.2731662939094385,0.24100486870210674,0.07461982412821773,0.05808334673811971,75.00846153846157,1.8680422636559488,"GFS:0.46,NBM:0.54",OPEN,NO,7.440000000000001
18175,KXHIGHCHI-26MAY09-B76.5,2026-05-09 04:35:32.248869+00:00,KMDW,2026-05-09,1,76.0,78.0,1,0.12345679012345723,0.24314121446399595,0.7683279987806729,0.572835221243035,75.00846153846157,1.8680422636559488,"GFS:0.46,NBM:0.54",OPEN,YES,188.08
18174,KXHIGHCHI-26MAY09-T70,2026-05-09 04:35:26.566507+00:00,KMDW,2026-05-09,1,,70.0,0,0.09598256703595875,0.0036687156236108187,0.009212653174812317,1.3459474326926118e-05,75.00846153846157,1.8680422636559488,"GFS:0.46,NBM:0.54",SKIP,NO,
18161,KXHIGHCHI-26MAY09-T77,2026-05-09 04:32:06.168980+00:00,KMDW,2026-05-09,1,78.0,,0,0.10512192038103241,0.05464088357504182,0.011050618144596116,0.002985626157861275,75.00846153846157,1.8680422636559488,"GFS:0.46,NBM:0.54",SKIP,YES,
18160,KXHIGHCHI-26MAY09-B74.5,2026-05-09 04:31:59.606568+00:00,KMDW,2026-05-09,1,74.0,76.0,0,0.26435872116468806,0.40756746202732014,0.06988553345582929,0.16611123610339104,75.00846153846157,1.8680422636559488,"GFS:0.46,NBM:0.54",OPEN,NO,15.489999999999998
18159,KXHIGHCHI-26MAY09-B70.5,2026-05-09 04:31:35.685149+00:00,KMDW,2026-05-09,1,70.0,72.0,0,0.13607445541388152,0.04997685560792453,0.018516257416184432,0.0024976860964553375,75.00846153846157,1.8680422636559488,"GFS:0.46,NBM:0.54",OPEN,NO,1.7599999999999993
18158,KXHIGHCHI-26MAY09-B72.5,2026-05-09 04:30:52.965134+00:00,KMDW,2026-05-09,1,72.0,74.0,0,0.27427677500863257,0.24100486870210674,0.07522774930913605,0.05808334673811971,75.00846153846157,1.8680422636559488,"GFS:0.46,NBM:0.54",OPEN,NO,7.440000000000001
18157,KXHIGHCHI-26MAY09-B76.5,2026-05-09 04:30:31.203777+00:00,KMDW,2026-05-09,1,76.0,78.0,1,0.12345679012345723,0.24314121446399595,0.7683279987806729,0.572835221243035,75.00846153846157,1.8680422636559488,"GFS:0.46,NBM:0.54",OPEN,YES,188.08
18156,KXHIGHCHI-26MAY09-T70,2026-05-09 04:30:27.048237+00:00,KMDW,2026-05-09,1,,70.0,0,0.0967113379083082,0.0036687156236108187,0.009353082880014971,1.3459474326926118e-05,75.00846153846157,1.8680422636559488,"GFS:0.46,NBM:0.54",SKIP,NO,
18143,KXHIGHCHI-26MAY09-T77,2026-05-09 04:28:12.166897+00:00,KMDW,2026-05-09,1,78.0,,0,0.1046090808172091,0.05464088357504182,0.010943059789421384,0.002985626157861275,75.00846153846157,1.8680422636559488,"GFS:0.46,NBM:0.54",SKIP,YES,
18142,KXHIGHCHI-26MAY09-B74.5,2026-05-09 04:28:08.328765+00:00,KMDW,2026-05-09,1,74.0,76.0,0,0.26365053544097095,0.40756746202732014,0.06951160483831068,0.16611123610339104,75.00846153846157,1.8680422636559488,"GFS:0.46,NBM:0.54",OPEN,NO,15.489999999999998
22288,KXHIGHMIA-26MAY09-B91.5,2026-05-09 23:56:19.449069+00:00,KMIA,2026-05-09,0,91.0,93.0,1,0.47270757595695384,0.1022189637902442,0.2780373004531915,0.8060107889778628,87.28667738970593,5.013633053508179,"GFS:0.18,HRRR:0.47,NBM:0.35",OPEN,NO,-19.990000000000016
22287,KXHIGHMIA-26MAY09-T87,2026-05-09 23:56:19.181826+00:00,KMIA,2026-05-09,0,,87.0,0,0.0,0.4772010755528112,0.0,0.22772086650875983,87.28667738970593,5.013633053508179,"GFS:0.18,HRRR:0.47,NBM:0.35",OPEN,YES,-19.990000000000016
22286,KXHIGHMIA-26MAY09-B93.5,2026-05-09 23:56:18.941242+00:00,KMIA,2026-05-09,0,93.0,95.0,0,0.2903646653609209,0.06526846832049371,0.0843116388901596,0.004259972956903291,87.28667738970593,5.013633053508179,"GFS:0.18,HRRR:0.47,NBM:0.35",OPEN,YES,-13.790000000000012
22285,KXHIGHMIA-26MAY09-B89.5,2026-05-09 23:56:18.647114+00:00,KMIA,2026-05-09,0,89.0,91.0,0,0.0,0.1368216755496654,0.0,0.01872017090021791,87.28667738970593,5.013633053508179,"GFS:0.18,HRRR:0.47,NBM:0.35",OPEN,YES,-19.990000000000016
22284,KXHIGHMIA-26MAY09-T94,2026-05-09 23:56:18.348945+00:00,KMIA,2026-05-09,0,95.0,,0,0.23692775868212523,0.0619669040569778,0.05613476283413537,0.003839897198406692,87.28667738970593,5.013633053508179,"GFS:0.18,HRRR:0.47,NBM:0.35",OPEN,YES,-12.95000000000001
22283,KXHIGHMIA-26MAY09-B87.5,2026-05-09 23:56:18.115592+00:00,KMIA,2026-05-09,0,87.0,89.0,0,0.0,0.15652291272980767,0.0,0.02449942220942299,87.28667738970593,5.013633053508179,"GFS:0.18,HRRR:0.47,NBM:0.35",OPEN,YES,-19.990000000000016
22252,KXHIGHMIA-26MAY09-T87,2026-05-09 23:51:06.306420+00:00,KMIA,2026-05-09,0,,87.0,0,0.0,0.4772010755528112,0.0,0.22772086650875983,87.28667738970593,5.013633053508179,"GFS:0.18,HRRR:0.47,NBM:0.35",OPEN,YES,-19.990000000000016
22251,KXHIGHMIA-26MAY09-B87.5,2026-05-09 23:51:06.051124+00:00,KMIA,2026-05-09,0,87.0,89.0,0,0.0,0.15652291272980767,0.0,0.02449942220942299,87.28667738970593,5.013633053508179,"GFS:0.18,HRRR:0.47,NBM:0.35",OPEN,YES,-19.990000000000016
22250,KXHIGHMIA-26MAY09-B89.5,2026-05-09 23:51:05.780628+00:00,KMIA,2026-05-09,0,89.0,91.0,0,0.0,0.1368216755496654,0.0,0.01872017090021791,87.28667738970593,5.013633053508179,"GFS:0.18,HRRR:0.47,NBM:0.35",OPEN,YES,-19.990000000000016
22249,KXHIGHMIA-26MAY09-T94,2026-05-09 23:51:05.509073+00:00,KMIA,2026-05-09,0,95.0,,0,0.23692775868212146,0.0619669040569778,0.05613476283413358,0.003839897198406692,87.28667738970593,5.013633053508179,"GFS:0.18,HRRR:0.47,NBM:0.35",OPEN,YES,-12.95000000000001
22248,KXHIGHMIA-26MAY09-B91.5,2026-05-09 23:51:05.239362+00:00,KMIA,2026-05-09,0,91.0,93.0,1,0.4727075759569514,0.1022189637902442,0.27803730045319414,0.8060107889778628,87.28667738970593,5.013633053508179,"GFS:0.18,HRRR:0.47,NBM:0.35",OPEN,NO,-19.990000000000016
22247,KXHIGHMIA-26MAY09-B93.5,2026-05-09 23:51:04.995815+00:00,KMIA,2026-05-09,0,93.0,95.0,0,0.29036466536092714,0.06526846832049371,0.0843116388901632,0.004259972956903291,87.28667738970593,5.013633053508179,"GFS:0.18,HRRR:0.47,NBM:0.35",OPEN,YES,-13.790000000000012
22216,KXHIGHMIA-26MAY09-T87,2026-05-09 23:45:36.008027+00:00,KMIA,2026-05-09,0,,87.0,0,0.0,0.4772010755528112,0.0,0.22772086650875983,87.28667738970593,5.013633053508179,"GFS:0.18,HRRR:0.47,NBM:0.35",OPEN,YES,-19.990000000000016
22215,KXHIGHMIA-26MAY09-B87.5,2026-05-09 23:45:35.743789+00:00,KMIA,2026-05-09,0,87.0,89.0,0,0.0,0.15652291272980767,0.0,0.02449942220942299,87.28667738970593,5.013633053508179,"GFS:0.18,HRRR:0.47,NBM:0.35",OPEN,YES,-19.990000000000016
22214,KXHIGHMIA-26MAY09-B89.5,2026-05-09 23:45:35.500695+00:00,KMIA,2026-05-09,0,89.0,91.0,0,0.0,0.1368216755496654,0.0,0.01872017090021791,87.28667738970593,5.013633053508179,"GFS:0.18,HRRR:0.47,NBM:0.35",OPEN,YES,-19.990000000000016
22213,KXHIGHMIA-26MAY09-T94,2026-05-09 23:45:35.211323+00:00,KMIA,2026-05-09,0,95.0,,0,0.23692775868212101,0.0619669040569778,0.05613476283413337,0.003839897198406692,87.28667738970593,5.013633053508179,"GFS:0.18,HRRR:0.47,NBM:0.35",OPEN,YES,-12.95000000000001
22212,KXHIGHMIA-26MAY09-B91.5,2026-05-09 23:45:34.937351+00:00,KMIA,2026-05-09,0,91.0,93.0,1,0.47270757595695,0.1022189637902442,0.27803730045319563,0.8060107889778628,87.28667738970593,5.013633053508179,"GFS:0.18,HRRR:0.47,NBM:0.35",OPEN,NO,-19.990000000000016
22211,KXHIGHMIA-26MAY09-B93.5,2026-05-09 23:45:34.671200+00:00,KMIA,2026-05-09,0,93.0,95.0,0,0.290364665360929,0.06526846832049371,0.08431163889016427,0.004259972956903291,87.28667738970593,5.013633053508179,"GFS:0.18,HRRR:0.47,NBM:0.35",OPEN,YES,-13.790000000000012
22180,KXHIGHMIA-26MAY09-T87,2026-05-09 23:40:22.640032+00:00,KMIA,2026-05-09,0,,87.0,0,0.0,0.4772010755528112,0.0,0.22772086650875983,87.28667738970593,5.013633053508179,"GFS:0.18,HRRR:0.47,NBM:0.35",OPEN,YES,-19.990000000000016
22179,KXHIGHMIA-26MAY09-B87.5,2026-05-09 23:40:22.355289+00:00,KMIA,2026-05-09,0,87.0,89.0,0,0.0,0.15652291272980767,0.0,0.02449942220942299,87.28667738970593,5.013633053508179,"GFS:0.18,HRRR:0.47,NBM:0.35",OPEN,YES,-19.990000000000016
22178,KXHIGHMIA-26MAY09-B89.5,2026-05-09 23:40:22.095680+00:00,KMIA,2026-05-09,0,89.0,91.0,0,0.0,0.1368216755496654,0.0,0.01872017090021791,87.28667738970593,5.013633053508179,"GFS:0.18,HRRR:0.47,NBM:0.35",OPEN,YES,-19.990000000000016
22177,KXHIGHMIA-26MAY09-T94,2026-05-09 23:40:21.836232+00:00,KMIA,2026-05-09,0,95.0,,0,0.23692775868212057,0.0619669040569778,0.056134762834133156,0.003839897198406692,87.28667738970593,5.013633053508179,"GFS:0.18,HRRR:0.47,NBM:0.35",OPEN,YES,-12.95000000000001
22176,KXHIGHMIA-26MAY09-B91.5,2026-05-09 23:40:21.534384+00:00,KMIA,2026-05-09,0,91.0,93.0,1,0.47270757595694773,0.1022189637902442,0.2780373004531981,0.8060107889778628,87.28667738970593,5.013633053508179,"GFS:0.18,HRRR:0.47,NBM:0.35",OPEN,NO,-19.990000000000016
22175,KXHIGHMIA-26MAY09-B93.5,2026-05-09 23:40:21.280060+00:00,KMIA,2026-05-09,0,93.0,95.0,0,0.2903646653609317,0.06526846832049371,0.08431163889016585,0.004259972956903291,87.28667738970593,5.013633053508179,"GFS:0.18,HRRR:0.47,NBM:0.35",OPEN,YES,-13.790000000000012
22144,KXHIGHMIA-26MAY09-B93.5,2026-05-09 23:35:12.239906+00:00,KMIA,2026-05-09,0,93.0,95.0,0,0.2903646653609257,0.06526846832049371,0.08431163889016237,0.004259972956903291,87.28667738970593,5.013633053508179,"GFS:0.18,HRRR:0.47,NBM:0.35",OPEN,YES,-13.790000000000012
22143,KXHIGHMIA-26MAY09-B87.5,2026-05-09 23:35:11.965438+00:00,KMIA,2026-05-09,0,87.0,89.0,0,0.0,0.15652291272980767,0.0,0.02449942220942299,87.28667738970593,5.013633053508179,"GFS:0.18,HRRR:0.47,NBM:0.35",OPEN,YES,-19.990000000000016
22112,KXHIGHMIA-26MAY09-B89.5,2026-05-09 23:35:03.574767+00:00,KMIA,2026-05-09,0,89.0,91.0,0,0.0,0.1368216755496654,0.0,0.01872017090021791,87.28667738970593,5.013633053508179,"GFS:0.18,HRRR:0.47,NBM:0.35",OPEN,YES,-19.990000000000016
22111,KXHIGHMIA-26MAY09-T94,2026-05-09 23:35:03.311555+00:00,KMIA,2026-05-09,0,95.0,,0,0.23692775868212268,0.0619669040569778,0.05613476283413416,0.003839897198406692,87.28667738970593,5.013633053508179,"GFS:0.18,HRRR:0.47,NBM:0.35",OPEN,YES,-12.95000000000001
22110,KXHIGHMIA-26MAY09-B91.5,2026-05-09 23:35:03.069737+00:00,KMIA,2026-05-09,0,91.0,93.0,1,0.4727075759569516,0.1022189637902442,0.2780373004531939,0.8060107889778628,87.28667738970593,5.013633053508179,"GFS:0.18,HRRR:0.47,NBM:0.35",OPEN,NO,-19.990000000000016
22109,KXHIGHMIA-26MAY09-T87,2026-05-09 23:35:02.818926+00:00,KMIA,2026-05-09,0,,87.0,0,0.0,0.4772010755528112,0.0,0.22772086650875983,87.28667738970593,5.013633053508179,"GFS:0.18,HRRR:0.47,NBM:0.35",OPEN,YES,-19.990000000000016
22108,KXHIGHMIA-26MAY09-B93.5,2026-05-09 23:29:53.074195+00:00,KMIA,2026-05-09,0,93.0,95.0,0,0.29036466536092853,0.06526846832049371,0.084311638890164,0.004259972956903291,87.28667738970593,5.013633053508179,"GFS:0.18,HRRR:0.47,NBM:0.35",OPEN,YES,-13.790000000000012
22107,KXHIGHMIA-26MAY09-B87.5,2026-05-09 23:29:52.789553+00:00,KMIA,2026-05-09,0,87.0,89.0,0,0.0,0.15652291272980767,0.0,0.02449942220942299,87.28667738970593,5.013633053508179,"GFS:0.18,HRRR:0.47,NBM:0.35",OPEN,YES,-19.990000000000016
22076,KXHIGHMIA-26MAY09-B89.5,2026-05-09 23:29:44.160859+00:00,KMIA,2026-05-09,0,89.0,91.0,0,0.0,0.1368216755496654,0.0,0.01872017090021791,87.28667738970593,5.013633053508179,"GFS:0.18,HRRR:0.47,NBM:0.35",OPEN,YES,-19.990000000000016
22075,KXHIGHMIA-26MAY09-T94,2026-05-09 23:29:43.890854+00:00,KMIA,2026-05-09,0,95.0,,0,0.23692775868212068,0.0619669040569778,0.05613476283413321,0.003839897198406692,87.28667738970593,5.013633053508179,"GFS:0.18,HRRR:0.47,NBM:0.35",OPEN,YES,-12.95000000000001
22074,KXHIGHMIA-26MAY09-B91.5,2026-05-09 23:29:43.631674+00:00,KMIA,2026-05-09,0,91.0,93.0,1,0.4727075759569508,0.1022189637902442,0.2780373004531948,0.8060107889778628,87.28667738970593,5.013633053508179,"GFS:0.18,HRRR:0.47,NBM:0.35",OPEN,NO,-19.990000000000016
22073,KXHIGHMIA-26MAY09-T87,2026-05-09 23:29:43.377970+00:00,KMIA,2026-05-09,0,,87.0,0,0.0,0.4772010755528112,0.0,0.22772086650875983,87.28667738970593,5.013633053508179,"GFS:0.18,HRRR:0.47,NBM:0.35",OPEN,YES,-19.990000000000016
22072,KXHIGHMIA-26MAY09-B89.5,2026-05-09 23:24:29.298561+00:00,KMIA,2026-05-09,0,89.0,91.0,0,0.0,0.1368216755496654,0.0,0.01872017090021791,87.28667738970593,5.013633053508179,"GFS:0.18,HRRR:0.47,NBM:0.35",OPEN,YES,-19.990000000000016
22071,KXHIGHMIA-26MAY09-T94,2026-05-09 23:24:29.016552+00:00,KMIA,2026-05-09,0,95.0,,0,0.23692775868212568,0.0619669040569778,0.05613476283413558,0.003839897198406692,87.28667738970593,5.013633053508179,"GFS:0.18,HRRR:0.47,NBM:0.35",OPEN,YES,-12.95000000000001
22070,KXHIGHMIA-26MAY09-B91.5,2026-05-09 23:24:28.750872+00:00,KMIA,2026-05-09,0,91.0,93.0,1,0.47270757595695123,0.1022189637902442,0.27803730045319436,0.8060107889778628,87.28667738970593,5.013633053508179,"GFS:0.18,HRRR:0.47,NBM:0.35",OPEN,NO,-19.990000000000016
22069,KXHIGHMIA-26MAY09-B93.5,2026-05-09 23:24:28.510247+00:00,KMIA,2026-05-09,0,93.0,95.0,0,0.2903646653609231,0.06526846832049371,0.08431163889016086,0.004259972956903291,87.28667738970593,5.013633053508179,"GFS:0.18,HRRR:0.47,NBM:0.35",OPEN,YES,-13.790000000000012
22068,KXHIGHMIA-26MAY09-B87.5,2026-05-09 23:24:28.256907+00:00,KMIA,2026-05-09,0,87.0,89.0,0,0.0,0.15652291272980767,0.0,0.02449942220942299,87.28667738970593,5.013633053508179,"GFS:0.18,HRRR:0.47,NBM:0.35",OPEN,YES,-19.990000000000016
22067,KXHIGHMIA-26MAY09-T87,2026-05-09 23:24:27.981303+00:00,KMIA,2026-05-09,0,,87.0,0,0.0,0.4772010755528112,0.0,0.22772086650875983,87.28667738970593,5.013633053508179,"GFS:0.18,HRRR:0.47,NBM:0.35",OPEN,YES,-19.990000000000016
22036,KXHIGHMIA-26MAY09-B89.5,2026-05-09 23:19:13.402474+00:00,KMIA,2026-05-09,0,89.0,91.0,0,0.0,0.1368216755496654,0.0,0.01872017090021791,87.28667738970593,5.013633053508179,"GFS:0.18,HRRR:0.47,NBM:0.35",OPEN,YES,-19.990000000000016
22035,KXHIGHMIA-26MAY09-T94,2026-05-09 23:19:13.128772+00:00,KMIA,2026-05-09,0,95.0,,0,0.23692775868212113,0.0619669040569778,0.05613476283413342,0.003839897198406692,87.28667738970593,5.013633053508179,"GFS:0.18,HRRR:0.47,NBM:0.35",OPEN,YES,-12.95000000000001
22034,KXHIGHMIA-26MAY09-B91.5,2026-05-09 23:19:12.827251+00:00,KMIA,2026-05-09,0,91.0,93.0,1,0.4727075759569515,0.1022189637902442,0.27803730045319414,0.8060107889778628,87.28667738970593,5.013633053508179,"GFS:0.18,HRRR:0.47,NBM:0.35",OPEN,NO,-19.990000000000016
22033,KXHIGHMIA-26MAY09-B93.5,2026-05-09 23:19:12.526308+00:00,KMIA,2026-05-09,0,93.0,95.0,0,0.29036466536092737,0.06526846832049371,0.08431163889016333,0.004259972956903291,87.28667738970593,5.013633053508179,"GFS:0.18,HRRR:0.47,NBM:0.35",OPEN,YES,-13.790000000000012
22032,KXHIGHMIA-26MAY09-B87.5,2026-05-09 23:19:12.246156+00:00,KMIA,2026-05-09,0,87.0,89.0,0,0.0,0.15652291272980767,0.0,0.02449942220942299,87.28667738970593,5.013633053508179,"GFS:0.18,HRRR:0.47,NBM:0.35",OPEN,YES,-19.990000000000016
22031,KXHIGHMIA-26MAY09-T87,2026-05-09 23:19:11.965486+00:00,KMIA,2026-05-09,0,,87.0,0,0.0,0.4772010755528112,0.0,0.22772086650875983,87.28667738970593,5.013633053508179,"GFS:0.18,HRRR:0.47,NBM:0.35",OPEN,YES,-19.990000000000016
22000,KXHIGHMIA-26MAY09-B89.5,2026-05-09 23:13:49.644042+00:00,KMIA,2026-05-09,0,89.0,91.0,0,0.0,0.1368216755496654,0.0,0.01872017090021791,87.28667738970593,5.013633053508179,"GFS:0.18,HRRR:0.47,NBM:0.35",OPEN,YES,-19.990000000000016
21999,KXHIGHMIA-26MAY09-T94,2026-05-09 23:13:49.392863+00:00,KMIA,2026-05-09,0,95.0,,0,0.23692775868212546,0.0619669040569778,0.056134762834135474,0.003839897198406692,87.28667738970593,5.013633053508179,"GFS:0.18,HRRR:0.47,NBM:0.35",OPEN,YES,-12.95000000000001
17952,KXHIGHMIA-26MAY09-T87,2026-05-09 03:58:55.607234+00:00,KMIA,2026-05-09,1,,87.0,0,0.04554911474848161,0.05881195529710742,0.002074721854370345,0.0034588460858689615,90.34078106219955,2.1349228957213717,"GFS:0.46,NBM:0.54",OPEN,YES,-12.15000000000001
17951,KXHIGHMIA-26MAY09-B87.5,2026-05-09 03:58:51.927053+00:00,KMIA,2026-05-09,1,87.0,89.0,0,0.21413526487332313,0.20618242285126348,0.045853911662368255,0.042511191492817214,90.34078106219955,2.1349228957213717,"GFS:0.46,NBM:0.54",OPEN,YES,-19.990000000000016
17950,KXHIGHMIA-26MAY09-B91.5,2026-05-09 03:58:48.250482+00:00,KMIA,2026-05-09,1,91.0,93.0,1,0.26466788436743494,0.2722857269772839,0.540713320280664,0.5295680631609802,90.34078106219955,2.1349228957213717,"GFS:0.46,NBM:0.54",OPEN,NO,-19.63
17949,KXHIGHMIA-26MAY09-T94,2026-05-09 03:58:44.249086+00:00,KMIA,2026-05-09,1,95.0,,0,0.05037486438949601,0.014540647526682271,0.002537626962260113,0.00021143043049521126,90.34078106219955,2.1349228957213717,"GFS:0.46,NBM:0.54",SKIP,NO,
17948,KXHIGHMIA-26MAY09-B89.5,2026-05-09 03:58:40.726384+00:00,KMIA,2026-05-09,1,89.0,91.0,0,0.29395008923603133,0.35626072488141114,0.08640665496187078,0.12692170409302853,90.34078106219955,2.1349228957213717,"GFS:0.46,NBM:0.54",OPEN,YES,-19.990000000000006
17935,KXHIGHMIA-26MAY09-B93.5,2026-05-09 03:57:35.849930+00:00,KMIA,2026-05-09,1,93.0,95.0,0,0.13132278238523298,0.09191852246625176,0.01724567317339926,0.00844901477237883,90.34078106219955,2.1349228957213717,"GFS:0.46,NBM:0.54",OPEN,NO,6.3999999999999995
17934,KXHIGHMIA-26MAY09-T87,2026-05-09 03:56:26.891382+00:00,KMIA,2026-05-09,1,,87.0,0,0.04561157497334583,0.05881195529710742,0.0020804157715491474,0.0034588460858689615,90.34078106219955,2.1349228957213717,"GFS:0.46,NBM:0.54",OPEN,YES,-12.15000000000001
17933,KXHIGHMIA-26MAY09-B87.5,2026-05-09 03:56:21.765398+00:00,KMIA,2026-05-09,1,87.0,89.0,0,0.21457632040878316,0.20618242285126348,0.046042997280172776,0.042511191492817214,90.34078106219955,2.1349228957213717,"GFS:0.46,NBM:0.54",OPEN,YES,-19.990000000000016
17932,KXHIGHMIA-26MAY09-B91.5,2026-05-09 03:56:15.685556+00:00,KMIA,2026-05-09,1,91.0,93.0,1,0.2645168387855622,0.2722857269772839,0.5409354804299827,0.5295680631609802,90.34078106219955,2.1349228957213717,"GFS:0.46,NBM:0.54",OPEN,NO,-19.63
17931,KXHIGHMIA-26MAY09-T94,2026-05-09 03:56:11.293375+00:00,KMIA,2026-05-09,1,95.0,,0,0.050233883664464796,0.014540647526682271,0.002523443068014983,0.00021143043049521126,90.34078106219955,2.1349228957213717,"GFS:0.46,NBM:0.54",SKIP,NO,
17930,KXHIGHMIA-26MAY09-B89.5,2026-05-09 03:56:07.846392+00:00,KMIA,2026-05-09,1,89.0,91.0,0,0.2939500672848691,0.35626072488141114,0.08640664205677907,0.12692170409302853,90.34078106219955,2.1349228957213717,"GFS:0.46,NBM:0.54",OPEN,YES,-19.990000000000006
17917,KXHIGHMIA-26MAY09-B93.5,2026-05-09 03:55:53.096452+00:00,KMIA,2026-05-09,1,93.0,95.0,0,0.1311113148829749,0.09191852246625176,0.017190176890342593,0.00844901477237883,90.34078106219955,2.1349228957213717,"GFS:0.46,NBM:0.54",OPEN,NO,6.3999999999999995
17916,KXHIGHMIA-26MAY09-T87,2026-05-09 03:54:53.047730+00:00,KMIA,2026-05-09,1,,87.0,0,0.045734354724316945,0.05881195529710742,0.002091631202049652,0.0034588460858689615,90.34078106219955,2.1349228957213717,"GFS:0.46,NBM:0.54",OPEN,YES,-12.15000000000001
17915,KXHIGHMIA-26MAY09-B87.5,2026-05-09 03:54:48.084725+00:00,KMIA,2026-05-09,1,87.0,89.0,0,0.2154413084683026,0.20618242285126348,0.04641495739453431,0.042511191492817214,90.34078106219955,2.1349228957213717,"GFS:0.46,NBM:0.54",OPEN,YES,-19.990000000000016
17914,KXHIGHMIA-26MAY09-B91.5,2026-05-09 03:54:37.845807+00:00,KMIA,2026-05-09,1,91.0,93.0,1,0.2642205263849443,0.2722857269772839,0.5413714337932485,0.5295680631609802,90.34078106219955,2.1349228957213717,"GFS:0.46,NBM:0.54",OPEN,NO,-19.63
17913,KXHIGHMIA-26MAY09-T94,2026-05-09 03:54:32.648942+00:00,KMIA,2026-05-09,1,95.0,,0,0.049979259836041234,0.014540647526682271,0.0024979264137585245,0.00021143043049521126,90.34078106219955,2.1349228957213717,"GFS:0.46,NBM:0.54",SKIP,NO,
17912,KXHIGHMIA-26MAY09-B89.5,2026-05-09 03:54:27.606159+00:00,KMIA,2026-05-09,1,89.0,91.0,0,0.29395002422236094,0.35626072488141114,0.08640661674032658,0.12692170409302853,90.34078106219955,2.1349228957213717,"GFS:0.46,NBM:0.54",OPEN,YES,-19.990000000000006
17899,KXHIGHMIA-26MAY09-B93.5,2026-05-09 03:52:27.845215+00:00,KMIA,2026-05-09,1,93.0,95.0,0,0.13067452636403398,0.09191852246625176,0.01707583184046461,0.00844901477237883,90.34078106219955,2.1349228957213717,"GFS:0.46,NBM:0.54",OPEN,NO,6.3999999999999995
17898,KXHIGHMIA-26MAY09-T87,2026-05-09 03:51:04.445384+00:00,KMIA,2026-05-09,1,,87.0,0,0.04586291906748931,0.05881195529710742,0.0021034073453910745,0.0034588460858689615,90.34078106219955,2.1349228957213717,"GFS:0.46,NBM:0.54",OPEN,YES,-12.15000000000001
17897,KXHIGHMIA-26MAY09-B87.5,2026-05-09 03:50:58.404847+00:00,KMIA,2026-05-09,1,87.0,89.0,0,0.21634421111174962,0.20618242285126348,0.04680481768156529,0.042511191492817214,90.34078106219955,2.1349228957213717,"GFS:0.46,NBM:0.54",OPEN,YES,-19.990000000000016
17896,KXHIGHMIA-26MAY09-B91.5,2026-05-09 03:50:51.286465+00:00,KMIA,2026-05-09,1,91.0,93.0,1,0.26391110502527104,0.2722857269772839,0.5418268613051176,0.5295680631609802,90.34078106219955,2.1349228957213717,"GFS:0.46,NBM:0.54",OPEN,NO,-19.63
17895,KXHIGHMIA-26MAY09-T94,2026-05-09 03:50:45.607998+00:00,KMIA,2026-05-09,1,95.0,,0,0.049839156440014354,0.014540647526682271,0.0024839415146522244,0.00021143043049521126,90.34078106219955,2.1349228957213717,"GFS:0.46,NBM:0.54",SKIP,NO,
17894,KXHIGHMIA-26MAY09-B89.5,2026-05-09 03:50:10.086480+00:00,KMIA,2026-05-09,1,89.0,91.0,0,0.2939499792547533,0.35626072488141114,0.08640659030386989,0.12692170409302853,90.34078106219955,2.1349228957213717,"GFS:0.46,NBM:0.54",OPEN,YES,-19.990000000000006
17881,KXHIGHMIA-26MAY09-B93.5,2026-05-09 03:48:46.726224+00:00,KMIA,2026-05-09,1,93.0,95.0,0,0.1300926291007224,0.09191852246625176,0.01692409214633812,0.00844901477237883,90.34078106219955,2.1349228957213717,"GFS:0.46,NBM:0.54",OPEN,NO,6.3999999999999995
17880,KXHIGHMIA-26MAY09-T87,2026-05-09 03:46:10.485467+00:00,KMIA,2026-05-09,1,,87.0,0,0.04602603765490798,0.05881195529710742,0.0021183961422110075,0.0034588460858689615,90.34078106219955,2.1349228957213717,"GFS:0.46,NBM:0.54",OPEN,YES,-12.15000000000001
17879,KXHIGHMIA-26MAY09-B87.5,2026-05-09 03:46:04.886035+00:00,KMIA,2026-05-09,1,87.0,89.0,0,0.21748563326651793,0.20618242285126348,0.04730000067733833,0.042511191492817214,90.34078106219955,2.1349228957213717,"GFS:0.46,NBM:0.54",OPEN,YES,-19.990000000000016
17878,KXHIGHMIA-26MAY09-B91.5,2026-05-09 03:45:58.006327+00:00,KMIA,2026-05-09,1,91.0,93.0,1,0.2635197664992369,0.2722857269772839,0.5424031343373386,0.5295680631609802,90.34078106219955,2.1349228957213717,"GFS:0.46,NBM:0.54",OPEN,NO,-19.63
17877,KXHIGHMIA-26MAY09-T94,2026-05-09 03:45:53.846739+00:00,KMIA,2026-05-09,1,95.0,,0,0.04966252396824722,0.014540647526682271,0.0024663662868967292,0.00021143043049521126,90.34078106219955,2.1349228957213717,"GFS:0.46,NBM:0.54",SKIP,NO,
17876,KXHIGHMIA-26MAY09-B89.5,2026-05-09 03:45:49.366472+00:00,KMIA,2026-05-09,1,89.0,91.0,0,0.2939499223822821,0.35626072488141114,0.08640655686854969,0.12692170409302853,90.34078106219955,2.1349228957213717,"GFS:0.46,NBM:0.54",OPEN,YES,-19.990000000000006
17863,KXHIGHMIA-26MAY09-B93.5,2026-05-09 03:43:57.527502+00:00,KMIA,2026-05-09,1,93.0,95.0,0,0.12935611622880783,0.09191852246625176,0.01673300480580084,0.00844901477237883,90.34078106219955,2.1349228957213717,"GFS:0.46,NBM:0.54",OPEN,NO,6.3999999999999995
17862,KXHIGHMIA-26MAY09-T87,2026-05-09 03:42:22.563758+00:00,KMIA,2026-05-09,1,,87.0,0,0.04615543179711157,0.05881195529710742,0.0021303238843778174,0.0034588460858689615,90.34078106219955,2.1349228957213717,"GFS:0.46,NBM:0.54",OPEN,YES,-12.15000000000001
17861,KXHIGHMIA-26MAY09-B87.5,2026-05-09 03:42:14.729530+00:00,KMIA,2026-05-09,1,87.0,89.0,0,0.21838778449406027,0.20618242285126348,0.04769322441622411,0.042511191492817214,90.34078106219955,2.1349228957213717,"GFS:0.46,NBM:0.54",OPEN,YES,-19.990000000000016
17860,KXHIGHMIA-26MAY09-B91.5,2026-05-09 03:42:10.724919+00:00,KMIA,2026-05-09,1,91.0,93.0,1,0.2632103216260495,0.2722857269772839,0.5428590301583894,0.5295680631609802,90.34078106219955,2.1349228957213717,"GFS:0.46,NBM:0.54",OPEN,NO,-19.63
17859,KXHIGHMIA-26MAY09-T94,2026-05-09 03:42:06.248246+00:00,KMIA,2026-05-09,1,95.0,,0,0.049523297891524876,0.014540647526682271,0.002452557034052712,0.00021143043049521126,90.34078106219955,2.1349228957213717,"GFS:0.46,NBM:0.54",SKIP,NO,
17858,KXHIGHMIA-26MAY09-B89.5,2026-05-09 03:42:00.885738+00:00,KMIA,2026-05-09,1,89.0,91.0,0,0.2939498774112572,0.35626072488141114,0.08640653043009315,0.12692170409302853,90.34078106219955,2.1349228957213717,"GFS:0.46,NBM:0.54",OPEN,YES,-19.990000000000006
17845,KXHIGHMIA-26MAY09-B93.5,2026-05-09 03:40:40.884528+00:00,KMIA,2026-05-09,1,93.0,95.0,0,0.12877328677999655,0.09191852246625176,0.016582559388123235,0.00844901477237883,90.34078106219955,2.1349228957213717,"GFS:0.46,NBM:0.54",OPEN,NO,6.3999999999999995
17844,KXHIGHMIA-26MAY09-T87,2026-05-09 03:38:40.726921+00:00,KMIA,2026-05-09,1,,87.0,0,0.04628324753850083,0.05881195529710742,0.002142139002710143,0.0034588460858689615,90.34078106219955,2.1349228957213717,"GFS:0.46,NBM:0.54",OPEN,YES,-12.15000000000001
17843,KXHIGHMIA-26MAY09-B87.5,2026-05-09 03:38:35.245737+00:00,KMIA,2026-05-09,1,87.0,89.0,0,0.21927609565100853,0.20618242285126348,0.04808200612395024,0.042511191492817214,90.34078106219955,2.1349228957213717,"GFS:0.46,NBM:0.54",OPEN,YES,-19.990000000000016
17842,KXHIGHMIA-26MAY09-B91.5,2026-05-09 03:38:30.484966+00:00,KMIA,2026-05-09,1,91.0,93.0,1,0.26290550201421237,0.2722857269772839,0.5433082989609203,0.5295680631609802,90.34078106219955,2.1349228957213717,"GFS:0.46,NBM:0.54",OPEN,NO,-19.63
17841,KXHIGHMIA-26MAY09-T94,2026-05-09 03:38:25.764737+00:00,KMIA,2026-05-09,1,95.0,,0,0.049386534432332097,0.014540647526682271,0.0024390297832359237,0.00021143043049521126,90.34078106219955,2.1349228957213717,"GFS:0.46,NBM:0.54",SKIP,NO,
17840,KXHIGHMIA-26MAY09-B89.5,2026-05-09 03:38:21.204886+00:00,KMIA,2026-05-09,1,89.0,91.0,0,0.29394983311241263,0.35626072488141114,0.08640650438681524,0.12692170409302853,90.34078106219955,2.1349228957213717,"GFS:0.46,NBM:0.54",OPEN,YES,-19.990000000000006
17827,KXHIGHMIA-26MAY09-B93.5,2026-05-09 03:36:53.848412+00:00,KMIA,2026-05-09,1,93.0,95.0,0,0.12819878725153355,0.09191852246625176,0.01643492905276396,0.00844901477237883,90.34078106219955,2.1349228957213717,"GFS:0.46,NBM:0.54",OPEN,NO,6.3999999999999995
17826,KXHIGHMIA-26MAY09-T87,2026-05-09 03:32:45.685631+00:00,KMIA,2026-05-09,1,,87.0,0,0.04655095722327268,0.05881195529710742,0.002166991618402963,0.0034588460858689615,90.34078106219955,2.1349228957213717,"GFS:0.46,NBM:0.54",OPEN,YES,-12.15000000000001
17825,KXHIGHMIA-26MAY09-B89.5,2026-05-09 03:32:39.856961+00:00,KMIA,2026-05-09,1,89.0,91.0,0,0.2939497407237296,0.35626072488141114,0.08640645007154785,0.12692170409302853,90.34078106219955,2.1349228957213717,"GFS:0.46,NBM:0.54",OPEN,YES,-19.990000000000006
17824,KXHIGHMIA-26MAY09-B91.5,2026-05-09 03:32:34.484259+00:00,KMIA,2026-05-09,1,91.0,93.0,1,0.2622697770257111,0.2722857269772839,0.544245881889694,0.5295680631609802,90.34078106219955,2.1349228957213717,"GFS:0.46,NBM:0.54",OPEN,NO,-19.63
17823,KXHIGHMIA-26MAY09-T94,2026-05-09 03:32:27.532707+00:00,KMIA,2026-05-09,1,95.0,,0,0.04910251763969253,0.014540647526682271,0.0024110572385563165,0.00021143043049521126,90.34078106219955,2.1349228957213717,"GFS:0.46,NBM:0.54",SKIP,NO,
17822,KXHIGHMIA-26MAY09-B87.5,2026-05-09 03:32:21.051837+00:00,KMIA,2026-05-09,1,87.0,89.0,0,0.22112759757755102,0.20618242285126348,0.048897414410419344,0.042511191492817214,90.34078106219955,2.1349228957213717,"GFS:0.46,NBM:0.54",OPEN,YES,-19.990000000000016
17810,KXHIGHMIA-26MAY09-B93.5,2026-05-09 03:29:50.809671+00:00,KMIA,2026-05-09,1,93.0,95.0,0,0.1269994098100431,0.09191852246625176,0.01612885009209927,0.00844901477237883,90.34078106219955,2.1349228957213717,"GFS:0.46,NBM:0.54",OPEN,NO,6.3999999999999995
17808,KXHIGHMIA-26MAY09-T87,2026-05-09 03:27:41.606507+00:00,KMIA,2026-05-09,1,,87.0,0,0.04664577965275335,0.05881195529710742,0.0021758287594132184,0.0034588460858689615,90.34078106219955,2.1349228957213717,"GFS:0.46,NBM:0.54",OPEN,YES,-12.15000000000001
17807,KXHIGHMIA-26MAY09-B89.5,2026-05-09 03:27:37.687015+00:00,KMIA,2026-05-09,1,89.0,91.0,0,0.2939497081271498,0.35626072488141114,0.08640643090803657,0.12692170409302853,90.34078106219955,2.1349228957213717,"GFS:0.46,NBM:0.54",OPEN,YES,-19.990000000000006
22264,KXHIGHNY-26MAY09-T61,2026-05-09 23:56:12.743635+00:00,KNYC,2026-05-09,0,,61.0,0,0.0,0.45917117232056115,0.0,0.21083816549023845,61.846673512178356,8.258456156504499,"GFS:0.18,HRRR:0.47,NBM:0.35",OPEN,YES,-19.990000000000016
22263,KXHIGHNY-26MAY09-B61.5,2026-05-09 23:56:12.467987+00:00,KNYC,2026-05-09,0,61.0,63.0,0,0.0,0.09636214375032104,0.0,0.009285662748157536,61.846673512178356,8.258456156504499,"GFS:0.18,HRRR:0.47,NBM:0.35",OPEN,YES,-19.990000000000016
22262,KXHIGHNY-26MAY09-B63.5,2026-05-09 23:56:12.190206+00:00,KNYC,2026-05-09,0,63.0,65.0,0,0.02371429024207515,0.0931729592622682,0.0005623675616853807,0.00868120033768829,61.846673512178356,8.258456156504499,"GFS:0.18,HRRR:0.47,NBM:0.35",OPEN,YES,-19.990000000000016
22261,KXHIGHNY-26MAY09-B67.5,2026-05-09 23:56:11.932111+00:00,KNYC,2026-05-09,0,67.0,69.0,0,0.24156476127991489,0.07311664307127641,0.05835353389222227,0.0053460434940124325,61.846673512178356,8.258456156504499,"GFS:0.18,HRRR:0.47,NBM:0.35",OPEN,YES,-15.770000000000012
22260,KXHIGHNY-26MAY09-B65.5,2026-05-09 23:56:11.645817+00:00,KNYC,2026-05-09,0,65.0,67.0,1,0.5376122631099578,0.08498191407121192,0.2138024192262949,0.837258097576783,61.846673512178356,8.258456156504499,"GFS:0.18,HRRR:0.47,NBM:0.35",OPEN,NO,-19.990000000000016
22259,KXHIGHNY-26MAY09-T68,2026-05-09 23:56:11.350249+00:00,KNYC,2026-05-09,0,69.0,,0,0.19710868536805215,0.19319516752436128,0.03885183384752178,0.037324372754766015,61.846673512178356,8.258456156504499,"GFS:0.18,HRRR:0.47,NBM:0.35",OPEN,YES,-19.990000000000016
22228,KXHIGHNY-26MAY09-T61,2026-05-09 23:50:59.688917+00:00,KNYC,2026-05-09,0,,61.0,0,0.0,0.45917117232056115,0.0,0.21083816549023845,61.846673512178356,8.258456156504499,"GFS:0.18,HRRR:0.47,NBM:0.35",OPEN,YES,-19.990000000000016
22227,KXHIGHNY-26MAY09-B63.5,2026-05-09 23:50:59.417156+00:00,KNYC,2026-05-09,0,63.0,65.0,0,0.023714290242090527,0.0931729592622682,0.00056236756168611,0.00868120033768829,61.846673512178356,8.258456156504499,"GFS:0.18,HRRR:0.47,NBM:0.35",OPEN,YES,-19.990000000000016
22226,KXHIGHNY-26MAY09-B65.5,2026-05-09 23:50:59.153234+00:00,KNYC,2026-05-09,0,65.0,67.0,1,0.5376122631099456,0.08498191407121192,0.2138024192263062,0.837258097576783,61.846673512178356,8.258456156504499,"GFS:0.18,HRRR:0.47,NBM:0.35",OPEN,NO,-19.990000000000016
22225,KXHIGHNY-26MAY09-B61.5,2026-05-09 23:50:58.885617+00:00,KNYC,2026-05-09,0,61.0,63.0,0,0.0,0.09636214375032104,0.0,0.009285662748157536,61.846673512178356,8.258456156504499,"GFS:0.18,HRRR:0.47,NBM:0.35",OPEN,YES,-19.990000000000016
22224,KXHIGHNY-26MAY09-B67.5,2026-05-09 23:50:58.611304+00:00,KNYC,2026-05-09,0,67.0,69.0,0,0.24156476127989734,0.07311664307127641,0.05835353389221379,0.0053460434940124325,61.846673512178356,8.258456156504499,"GFS:0.18,HRRR:0.47,NBM:0.35",OPEN,YES,-15.770000000000012
22223,KXHIGHNY-26MAY09-T68,2026-05-09 23:50:58.337126+00:00,KNYC,2026-05-09,0,69.0,,0,0.19710868536806658,0.19319516752436128,0.03885183384752747,0.037324372754766015,61.846673512178356,8.258456156504499,"GFS:0.18,HRRR:0.47,NBM:0.35",OPEN,YES,-19.990000000000016
22192,KXHIGHNY-26MAY09-T61,2026-05-09 23:45:29.256560+00:00,KNYC,2026-05-09,0,,61.0,0,0.0,0.45917117232056115,0.0,0.21083816549023845,61.846673512178356,8.258456156504499,"GFS:0.18,HRRR:0.47,NBM:0.35",OPEN,YES,-19.990000000000016
22191,KXHIGHNY-26MAY09-B63.5,2026-05-09 23:45:29.011569+00:00,KNYC,2026-05-09,0,63.0,65.0,0,0.023714290242096918,0.0931729592622682,0.0005623675616864131,0.00868120033768829,61.846673512178356,8.258456156504499,"GFS:0.18,HRRR:0.47,NBM:0.35",OPEN,YES,-19.990000000000016
22190,KXHIGHNY-26MAY09-B65.5,2026-05-09 23:45:28.728848+00:00,KNYC,2026-05-09,0,65.0,67.0,1,0.5376122631099438,0.08498191407121192,0.21380241922630783,0.837258097576783,61.846673512178356,8.258456156504499,"GFS:0.18,HRRR:0.47,NBM:0.35",OPEN,NO,-19.990000000000016
22189,KXHIGHNY-26MAY09-B61.5,2026-05-09 23:45:28.483673+00:00,KNYC,2026-05-09,0,61.0,63.0,0,0.0,0.09636214375032104,0.0,0.009285662748157536,61.846673512178356,8.258456156504499,"GFS:0.18,HRRR:0.47,NBM:0.35",OPEN,YES,-19.990000000000016
22188,KXHIGHNY-26MAY09-B67.5,2026-05-09 23:45:28.229480+00:00,KNYC,2026-05-09,0,67.0,69.0,0,0.24156476127990267,0.07311664307127641,0.05835353389221636,0.0053460434940124325,61.846673512178356,8.258456156504499,"GFS:0.18,HRRR:0.47,NBM:0.35",OPEN,YES,-15.770000000000012
22187,KXHIGHNY-26MAY09-T68,2026-05-09 23:45:27.927162+00:00,KNYC,2026-05-09,0,69.0,,0,0.1971086853680566,0.19319516752436128,0.038851833847523526,0.037324372754766015,61.846673512178356,8.258456156504499,"GFS:0.18,HRRR:0.47,NBM:0.35",OPEN,YES,-19.990000000000016
22156,KXHIGHNY-26MAY09-T61,2026-05-09 23:40:16.127880+00:00,KNYC,2026-05-09,0,,61.0,0,0.0,0.45917117232056115,0.0,0.21083816549023845,61.846673512178356,8.258456156504499,"GFS:0.18,HRRR:0.47,NBM:0.35",OPEN,YES,-19.990000000000016
22155,KXHIGHNY-26MAY09-B63.5,2026-05-09 23:40:15.862862+00:00,KNYC,2026-05-09,0,63.0,65.0,0,0.023714290242094437,0.0931729592622682,0.0005623675616862955,0.00868120033768829,61.846673512178356,8.258456156504499,"GFS:0.18,HRRR:0.47,NBM:0.35",OPEN,YES,-19.990000000000016
22154,KXHIGHNY-26MAY09-B65.5,2026-05-09 23:40:15.585095+00:00,KNYC,2026-05-09,0,65.0,67.0,1,0.5376122631099436,0.08498191407121192,0.21380241922630802,0.837258097576783,61.846673512178356,8.258456156504499,"GFS:0.18,HRRR:0.47,NBM:0.35",OPEN,NO,-19.990000000000016
22153,KXHIGHNY-26MAY09-B61.5,2026-05-09 23:40:15.335141+00:00,KNYC,2026-05-09,0,61.0,63.0,0,0.0,0.09636214375032104,0.0,0.009285662748157536,61.846673512178356,8.258456156504499,"GFS:0.18,HRRR:0.47,NBM:0.35",OPEN,YES,-19.990000000000016
22152,KXHIGHNY-26MAY09-B67.5,2026-05-09 23:40:15.094268+00:00,KNYC,2026-05-09,0,67.0,69.0,0,0.24156476127990445,0.07311664307127641,0.05835353389221722,0.0053460434940124325,61.846673512178356,8.258456156504499,"GFS:0.18,HRRR:0.47,NBM:0.35",OPEN,YES,-15.770000000000012
22151,KXHIGHNY-26MAY09-T68,2026-05-09 23:40:14.849439+00:00,KNYC,2026-05-09,0,69.0,,0,0.19710868536805748,0.19319516752436128,0.03885183384752388,0.037324372754766015,61.846673512178356,8.258456156504499,"GFS:0.18,HRRR:0.47,NBM:0.35",OPEN,YES,-19.990000000000016
22124,KXHIGHNY-26MAY09-B63.5,2026-05-09 23:35:06.766718+00:00,KNYC,2026-05-09,0,63.0,65.0,0,0.023714290242085042,0.0931729592622682,0.0005623675616858499,0.00868120033768829,61.846673512178356,8.258456156504499,"GFS:0.18,HRRR:0.47,NBM:0.35",OPEN,YES,-19.990000000000016
22123,KXHIGHNY-26MAY09-B65.5,2026-05-09 23:35:06.508305+00:00,KNYC,2026-05-09,0,65.0,67.0,1,0.5376122631099447,0.08498191407121192,0.213802419226307,0.837258097576783,61.846673512178356,8.258456156504499,"GFS:0.18,HRRR:0.47,NBM:0.35",OPEN,NO,-19.990000000000016
22122,KXHIGHNY-26MAY09-T68,2026-05-09 23:35:06.217672+00:00,KNYC,2026-05-09,0,69.0,,0,0.19710868536805715,0.19319516752436128,0.03885183384752375,0.037324372754766015,61.846673512178356,8.258456156504499,"GFS:0.18,HRRR:0.47,NBM:0.35",OPEN,YES,-19.990000000000016
22121,KXHIGHNY-26MAY09-B61.5,2026-05-09 23:35:05.971922+00:00,KNYC,2026-05-09,0,61.0,63.0,0,0.0,0.09636214375032104,0.0,0.009285662748157536,61.846673512178356,8.258456156504499,"GFS:0.18,HRRR:0.47,NBM:0.35",OPEN,YES,-19.990000000000016
22120,KXHIGHNY-26MAY09-T61,2026-05-09 23:35:05.723970+00:00,KNYC,2026-05-09,0,,61.0,0,0.0,0.45917117232056115,0.0,0.21083816549023845,61.846673512178356,8.258456156504499,"GFS:0.18,HRRR:0.47,NBM:0.35",OPEN,YES,-19.990000000000016
22119,KXHIGHNY-26MAY09-B67.5,2026-05-09 23:35:05.476154+00:00,KNYC,2026-05-09,0,67.0,69.0,0,0.2415647612799131,0.07311664307127641,0.05835353389222141,0.0053460434940124325,61.846673512178356,8.258456156504499,"GFS:0.18,HRRR:0.47,NBM:0.35",OPEN,YES,-15.770000000000012
22088,KXHIGHNY-26MAY09-B63.5,2026-05-09 23:29:47.509003+00:00,KNYC,2026-05-09,0,63.0,65.0,0,0.023714290242092092,0.0931729592622682,0.0005623675616861842,0.00868120033768829,61.846673512178356,8.258456156504499,"GFS:0.18,HRRR:0.47,NBM:0.35",OPEN,YES,-19.990000000000016
22087,KXHIGHNY-26MAY09-B65.5,2026-05-09 23:29:47.269938+00:00,KNYC,2026-05-09,0,65.0,67.0,1,0.5376122631099436,0.08498191407121192,0.21380241922630802,0.837258097576783,61.846673512178356,8.258456156504499,"GFS:0.18,HRRR:0.47,NBM:0.35",OPEN,NO,-19.990000000000016
22086,KXHIGHNY-26MAY09-T68,2026-05-09 23:29:46.974298+00:00,KNYC,2026-05-09,0,69.0,,0,0.19710868536806347,0.19319516752436128,0.03885183384752624,0.037324372754766015,61.846673512178356,8.258456156504499,"GFS:0.18,HRRR:0.47,NBM:0.35",OPEN,YES,-19.990000000000016
22085,KXHIGHNY-26MAY09-B61.5,2026-05-09 23:29:46.698886+00:00,KNYC,2026-05-09,0,61.0,63.0,0,0.0,0.09636214375032104,0.0,0.009285662748157536,61.846673512178356,8.258456156504499,"GFS:0.18,HRRR:0.47,NBM:0.35",OPEN,YES,-19.990000000000016
22084,KXHIGHNY-26MAY09-T61,2026-05-09 23:29:46.409072+00:00,KNYC,2026-05-09,0,,61.0,0,0.0,0.45917117232056115,0.0,0.21083816549023845,61.846673512178356,8.258456156504499,"GFS:0.18,HRRR:0.47,NBM:0.35",OPEN,YES,-19.990000000000016
22083,KXHIGHNY-26MAY09-B67.5,2026-05-09 23:29:46.161386+00:00,KNYC,2026-05-09,0,67.0,69.0,0,0.2415647612799009,0.07311664307127641,0.05835353389221551,0.0053460434940124325,61.846673512178356,8.258456156504499,"GFS:0.18,HRRR:0.47,NBM:0.35",OPEN,YES,-15.770000000000012
22048,KXHIGHNY-26MAY09-B67.5,2026-05-09 23:24:22.649287+00:00,KNYC,2026-05-09,0,67.0,69.0,0,0.24156476127990845,0.07311664307127641,0.05835353389221915,0.0053460434940124325,61.846673512178356,8.258456156504499,"GFS:0.18,HRRR:0.47,NBM:0.35",OPEN,YES,-15.770000000000012
22047,KXHIGHNY-26MAY09-B61.5,2026-05-09 23:24:22.400018+00:00,KNYC,2026-05-09,0,61.0,63.0,0,0.0,0.09636214375032104,0.0,0.009285662748157536,61.846673512178356,8.258456156504499,"GFS:0.18,HRRR:0.47,NBM:0.35",OPEN,YES,-19.990000000000016
22046,KXHIGHNY-26MAY09-T61,2026-05-09 23:24:22.086957+00:00,KNYC,2026-05-09,0,,61.0,0,0.0,0.45917117232056115,0.0,0.21083816549023845,61.846673512178356,8.258456156504499,"GFS:0.18,HRRR:0.47,NBM:0.35",OPEN,YES,-19.990000000000016
22045,KXHIGHNY-26MAY09-B63.5,2026-05-09 23:24:21.811632+00:00,KNYC,2026-05-09,0,63.0,65.0,0,0.023714290242089583,0.0931729592622682,0.0005623675616860652,0.00868120033768829,61.846673512178356,8.258456156504499,"GFS:0.18,HRRR:0.47,NBM:0.35",OPEN,YES,-19.990000000000016
22044,KXHIGHNY-26MAY09-B65.5,2026-05-09 23:24:21.531062+00:00,KNYC,2026-05-09,0,65.0,67.0,1,0.5376122631099403,0.08498191407121192,0.2138024192263111,0.837258097576783,61.846673512178356,8.258456156504499,"GFS:0.18,HRRR:0.47,NBM:0.35",OPEN,NO,-19.990000000000016
22043,KXHIGHNY-26MAY09-T68,2026-05-09 23:24:21.290949+00:00,KNYC,2026-05-09,0,69.0,,0,0.1971086853680617,0.19319516752436128,0.03885183384752554,0.037324372754766015,61.846673512178356,8.258456156504499,"GFS:0.18,HRRR:0.47,NBM:0.35",OPEN,YES,-19.990000000000016
22012,KXHIGHNY-26MAY09-B67.5,2026-05-09 23:19:06.591188+00:00,KNYC,2026-05-09,0,67.0,69.0,0,0.24156476127990045,0.07311664307127641,0.058353533892215294,0.0053460434940124325,61.846673512178356,8.258456156504499,"GFS:0.18,HRRR:0.47,NBM:0.35",OPEN,YES,-15.770000000000012
22011,KXHIGHNY-26MAY09-B61.5,2026-05-09 23:19:06.301792+00:00,KNYC,2026-05-09,0,61.0,63.0,0,0.0,0.09636214375032104,0.0,0.009285662748157536,61.846673512178356,8.258456156504499,"GFS:0.18,HRRR:0.47,NBM:0.35",OPEN,YES,-19.990000000000016
22010,KXHIGHNY-26MAY09-T61,2026-05-09 23:19:06.041569+00:00,KNYC,2026-05-09,0,,61.0,0,0.0,0.45917117232056115,0.0,0.21083816549023845,61.846673512178356,8.258456156504499,"GFS:0.18,HRRR:0.47,NBM:0.35",OPEN,YES,-19.990000000000016
22009,KXHIGHNY-26MAY09-B63.5,2026-05-09 23:19:05.772110+00:00,KNYC,2026-05-09,0,63.0,65.0,0,0.023714290242103368,0.0931729592622682,0.000562367561686719,0.00868120033768829,61.846673512178356,8.258456156504499,"GFS:0.18,HRRR:0.47,NBM:0.35",OPEN,YES,-19.990000000000016
22008,KXHIGHNY-26MAY09-B65.5,2026-05-09 23:19:05.525814+00:00,KNYC,2026-05-09,0,65.0,67.0,1,0.5376122631099304,0.08498191407121192,0.21380241922632026,0.837258097576783,61.846673512178356,8.258456156504499,"GFS:0.18,HRRR:0.47,NBM:0.35",OPEN,NO,-19.990000000000016
22007,KXHIGHNY-26MAY09-T68,2026-05-09 23:19:05.278981+00:00,KNYC,2026-05-09,0,69.0,,0,0.1971086853680658,0.19319516752436128,0.03885183384752716,0.037324372754766015,61.846673512178356,8.258456156504499,"GFS:0.18,HRRR:0.47,NBM:0.35",OPEN,YES,-19.990000000000016
21976,KXHIGHNY-26MAY09-B67.5,2026-05-09 23:13:43.121464+00:00,KNYC,2026-05-09,0,67.0,69.0,0,0.24156476127991044,0.07311664307127641,0.05835353389222012,0.0053460434940124325,61.846673512178356,8.258456156504499,"GFS:0.18,HRRR:0.47,NBM:0.35",OPEN,YES,-15.770000000000012
21975,KXHIGHNY-26MAY09-B61.5,2026-05-09 23:13:42.870128+00:00,KNYC,2026-05-09,0,61.0,63.0,0,0.0,0.09636214375032104,0.0,0.009285662748157536,61.846673512178356,8.258456156504499,"GFS:0.18,HRRR:0.47,NBM:0.35",OPEN,YES,-19.990000000000016
17941,KXHIGHNY-26MAY09-B61.5,2026-05-09 03:58:03.527494+00:00,KNYC,2026-05-09,1,61.0,63.0,0,0.1537629891984001,0.05052957511452538,0.0236430568472273,0.0025532379612544626,67.11615384615388,2.6686434395848786,"GFS:0.46,NBM:0.54",OPEN,NO,5.68
17940,KXHIGHNY-26MAY09-T68,2026-05-09 03:57:59.368258+00:00,KNYC,2026-05-09,1,69.0,,0,0.18571423300652234,0.24011925023963743,0.03448977634120087,0.05765725433564562,67.11615384615388,2.6686434395848786,"GFS:0.46,NBM:0.54",OPEN,YES,-19.989999999999988
17939,KXHIGHNY-26MAY09-T61,2026-05-09 03:57:55.765874+00:00,KNYC,2026-05-09,1,,61.0,0,0.15844354891001572,0.010956897307537128,0.025104358191200542,0.00012005359860791436,67.11615384615388,2.6686434395848786,"GFS:0.46,NBM:0.54",OPEN,NO,0.7400000000000007
17938,KXHIGHNY-26MAY09-B67.5,2026-05-09 03:57:52.087304+00:00,KNYC,2026-05-09,1,67.0,69.0,0,0.15663145625895203,0.2772394019431456,0.0245334130898,0.07686168598979305,67.11615384615388,2.6686434395848786,"GFS:0.46,NBM:0.54",OPEN,YES,-20.000000000000004
17937,KXHIGHNY-26MAY09-B65.5,2026-05-09 03:57:47.845168+00:00,KNYC,2026-05-09,1,65.0,67.0,1,0.15839306791600477,0.26874365963703295,0.7083022281318344,0.5347358353210395,67.11615384615388,2.6686434395848786,"GFS:0.46,NBM:0.54",OPEN,YES,52.93
17936,KXHIGHNY-26MAY09-B63.5,2026-05-09 03:57:43.689765+00:00,KNYC,2026-05-09,1,63.0,65.0,0,0.18705470471010505,0.1524112157581215,0.03498946255418459,0.023229178688868663,67.11615384615388,2.6686434395848786,"GFS:0.46,NBM:0.54",OPEN,NO,9.400000000000002
17923,KXHIGHNY-26MAY09-B61.5,2026-05-09 03:55:54.566974+00:00,KNYC,2026-05-09,1,61.0,63.0,0,0.154013228735669,0.05052957511452538,0.0237200746255855,0.0025532379612544626,67.11615384615388,2.6686434395848786,"GFS:0.46,NBM:0.54",OPEN,NO,6.15
17922,KXHIGHNY-26MAY09-T68,2026-05-09 03:55:54.334574+00:00,KNYC,2026-05-09,1,69.0,,0,0.18494001207639088,0.24011925023963743,0.0342028080668156,0.05765725433564562,67.11615384615388,2.6686434395848786,"GFS:0.46,NBM:0.54",OPEN,YES,-19.989999999999988
17921,KXHIGHNY-26MAY09-T61,2026-05-09 03:55:54.102742+00:00,KNYC,2026-05-09,1,,61.0,0,0.15913173945840267,0.010956897307537128,0.02532291050305695,0.00012005359860791436,67.11615384615388,2.6686434395848786,"GFS:0.46,NBM:0.54",OPEN,NO,0.7400000000000007
17920,KXHIGHNY-26MAY09-B67.5,2026-05-09 03:55:53.873118+00:00,KNYC,2026-05-09,1,67.0,69.0,0,0.15661160910050076,0.2772394019431456,0.02452719610504805,0.07686168598979305,67.11615384615388,2.6686434395848786,"GFS:0.46,NBM:0.54",OPEN,YES,-20.000000000000004
17919,KXHIGHNY-26MAY09-B65.5,2026-05-09 03:55:53.640786+00:00,KNYC,2026-05-09,1,65.0,67.0,1,0.15827942230329461,0.26874365963703295,0.7084935309180754,0.5347358353210395,67.11615384615388,2.6686434395848786,"GFS:0.46,NBM:0.54",OPEN,YES,52.93
17918,KXHIGHNY-26MAY09-B63.5,2026-05-09 03:55:53.408995+00:00,KNYC,2026-05-09,1,63.0,65.0,0,0.18702398832574207,0.1524112157581215,0.03497797220926731,0.023229178688868663,67.11615384615388,2.6686434395848786,"GFS:0.46,NBM:0.54",OPEN,NO,9.400000000000002
17905,KXHIGHNY-26MAY09-B61.5,2026-05-09 03:53:56.084283+00:00,KNYC,2026-05-09,1,61.0,63.0,0,0.15450413404450508,0.05052957511452538,0.023871527436842396,0.0025532379612544626,67.11615384615388,2.6686434395848786,"GFS:0.46,NBM:0.54",OPEN,NO,5.1899999999999995
17904,KXHIGHNY-26MAY09-T68,2026-05-09 03:53:50.415393+00:00,KNYC,2026-05-09,1,69.0,,0,0.18342119067445806,0.24011925023963743,0.033643333188435896,0.05765725433564562,67.11615384615388,2.6686434395848786,"GFS:0.46,NBM:0.54",OPEN,YES,-19.989999999999988
17903,KXHIGHNY-26MAY09-T61,2026-05-09 03:53:46.568381+00:00,KNYC,2026-05-09,1,,61.0,0,0.16048179148208003,0.010956897307537128,0.025754405397297814,0.00012005359860791436,67.11615384615388,2.6686434395848786,"GFS:0.46,NBM:0.54",OPEN,NO,0.7400000000000007
17902,KXHIGHNY-26MAY09-B67.5,2026-05-09 03:53:42.885914+00:00,KNYC,2026-05-09,1,67.0,69.0,0,0.15657267410423537,0.2772394019431456,0.024515002276151096,0.07686168598979305,67.11615384615388,2.6686434395848786,"GFS:0.46,NBM:0.54",OPEN,YES,-19.970000000000006
17901,KXHIGHNY-26MAY09-B65.5,2026-05-09 03:53:31.525746+00:00,KNYC,2026-05-09,1,65.0,67.0,1,0.15827942230329461,0.26874365963703295,0.7084935309180754,0.5347358353210395,67.11615384615388,2.6686434395848786,"GFS:0.46,NBM:0.54",OPEN,YES,52.93
17900,KXHIGHNY-26MAY09-B63.5,2026-05-09 03:53:10.009661+00:00,KNYC,2026-05-09,1,63.0,65.0,0,0.18674078739142685,0.1524112157581215,0.034872121675570085,0.023229178688868663,67.11615384615388,2.6686434395848786,"GFS:0.46,NBM:0.54",SKIP,YES,
17887,KXHIGHNY-26MAY09-B61.5,2026-05-09 03:49:20.806690+00:00,KNYC,2026-05-09,1,61.0,63.0,0,0.15501675716731056,0.05052957511452538,0.02403019500266893,0.0025532379612544626,67.11615384615388,2.6686434395848786,"GFS:0.46,NBM:0.54",OPEN,NO,5.1899999999999995
17886,KXHIGHNY-26MAY09-T68,2026-05-09 03:49:16.407983+00:00,KNYC,2026-05-09,1,69.0,,0,0.18183517610906552,0.24011925023963743,0.03306403127061487,0.05765725433564562,67.11615384615388,2.6686434395848786,"GFS:0.46,NBM:0.54",OPEN,YES,-19.989999999999988
17885,KXHIGHNY-26MAY09-T61,2026-05-09 03:49:11.044992+00:00,KNYC,2026-05-09,1,,61.0,0,0.16189157025584827,0.010956897307537128,0.026208880519904255,0.00012005359860791436,67.11615384615388,2.6686434395848786,"GFS:0.46,NBM:0.54",OPEN,NO,0.7400000000000007
17884,KXHIGHNY-26MAY09-B67.5,2026-05-09 03:49:02.885904+00:00,KNYC,2026-05-09,1,67.0,69.0,0,0.15653201661079885,0.2772394019431456,0.024502272224243407,0.07686168598979305,67.11615384615388,2.6686434395848786,"GFS:0.46,NBM:0.54",OPEN,YES,-19.970000000000006
17883,KXHIGHNY-26MAY09-B65.5,2026-05-09 03:48:57.447431+00:00,KNYC,2026-05-09,1,65.0,67.0,1,0.15827942230329461,0.26874365963703295,0.7084935309180754,0.5347358353210395,67.11615384615388,2.6686434395848786,"GFS:0.46,NBM:0.54",OPEN,YES,52.93
17882,KXHIGHNY-26MAY09-B63.5,2026-05-09 03:48:53.205047+00:00,KNYC,2026-05-09,1,63.0,65.0,0,0.18644505755368218,0.1524112157581215,0.03476175948619586,0.023229178688868663,67.11615384615388,2.6686434395848786,"GFS:0.46,NBM:0.54",OPEN,NO,9.400000000000002
17869,KXHIGHNY-26MAY09-B61.5,2026-05-09 03:44:32.085113+00:00,KNYC,2026-05-09,1,61.0,63.0,0,0.155665093718808,0.05052957511452538,0.024231621402485276,0.0025532379612544626,67.11615384615388,2.6686434395848786,"GFS:0.46,NBM:0.54",OPEN,NO,5.1899999999999995
17868,KXHIGHNY-26MAY09-T68,2026-05-09 03:44:23.126628+00:00,KNYC,2026-05-09,1,69.0,,0,0.179829275149461,0.24011925023963743,0.03233856820078056,0.05765725433564562,67.11615384615388,2.6686434395848786,"GFS:0.46,NBM:0.54",OPEN,YES,-19.989999999999988
17867,KXHIGHNY-26MAY09-T61,2026-05-09 03:44:17.205463+00:00,KNYC,2026-05-09,1,,61.0,0,0.16367457821607645,0.010956897307537128,0.026789367554210526,0.00012005359860791436,67.11615384615388,2.6686434395848786,"GFS:0.46,NBM:0.54",OPEN,NO,0.7400000000000007
17866,KXHIGHNY-26MAY09-B67.5,2026-05-09 03:44:13.206992+00:00,KNYC,2026-05-09,1,67.0,69.0,0,0.15648059532698533,0.2772394019431456,0.024486176713887742,0.07686168598979305,67.11615384615388,2.6686434395848786,"GFS:0.46,NBM:0.54",OPEN,YES,-19.879999999999995
17865,KXHIGHNY-26MAY09-B65.5,2026-05-09 03:44:08.804163+00:00,KNYC,2026-05-09,1,65.0,67.0,1,0.1582794223032945,0.26874365963703295,0.7084935309180757,0.5347358353210395,67.11615384615388,2.6686434395848786,"GFS:0.46,NBM:0.54",OPEN,YES,52.93
17864,KXHIGHNY-26MAY09-B63.5,2026-05-09 03:44:04.486460+00:00,KNYC,2026-05-09,1,63.0,65.0,0,0.18607103528537472,0.1524112157581215,0.03462243017217116,0.023229178688868663,67.11615384615388,2.6686434395848786,"GFS:0.46,NBM:0.54",OPEN,NO,8.530000000000001
17851,KXHIGHNY-26MAY09-B61.5,2026-05-09 03:41:16.405164+00:00,KNYC,2026-05-09,1,61.0,63.0,0,0.1561777557968135,0.05052957511452538,0.024391491405729115,0.0025532379612544626,67.11615384615388,2.6686434395848786,"GFS:0.46,NBM:0.54",OPEN,NO,5.1899999999999995
17850,KXHIGHNY-26MAY09-T68,2026-05-09 03:41:10.565923+00:00,KNYC,2026-05-09,1,69.0,,0,0.17824314005982256,0.24011925023963743,0.03177061697838552,0.05765725433564562,67.11615384615388,2.6686434395848786,"GFS:0.46,NBM:0.54",OPEN,YES,-19.989999999999988
17849,KXHIGHNY-26MAY09-T61,2026-05-09 03:41:04.727320+00:00,KNYC,2026-05-09,1,,61.0,0,0.16508446412159858,0.010956897307537128,0.027252880294315367,0.00012005359860791436,67.11615384615388,2.6686434395848786,"GFS:0.46,NBM:0.54",OPEN,NO,0.7400000000000007
17848,KXHIGHNY-26MAY09-B67.5,2026-05-09 03:40:56.565812+00:00,KNYC,2026-05-09,1,67.0,69.0,0,0.15643993474390894,0.2772394019431456,0.024473453182678486,0.07686168598979305,67.11615384615388,2.6686434395848786,"GFS:0.46,NBM:0.54",OPEN,YES,-19.879999999999995
17847,KXHIGHNY-26MAY09-B65.5,2026-05-09 03:40:51.928699+00:00,KNYC,2026-05-09,1,65.0,67.0,1,0.15827942230329461,0.26874365963703295,0.7084935309180754,0.5347358353210395,67.11615384615388,2.6686434395848786,"GFS:0.46,NBM:0.54",OPEN,YES,52.93
17846,KXHIGHNY-26MAY09-B63.5,2026-05-09 03:40:47.285796+00:00,KNYC,2026-05-09,1,63.0,65.0,0,0.1857752829745618,0.1524112157581215,0.03451245576427851,0.023229178688868663,67.11615384615388,2.6686434395848786,"GFS:0.46,NBM:0.54",OPEN,NO,8.530000000000001
17833,KXHIGHNY-26MAY09-B61.5,2026-05-09 03:37:35.606462+00:00,KNYC,2026-05-09,1,61.0,63.0,0,0.1566827551332448,0.05052957511452538,0.024549485756144355,0.0025532379612544626,67.11615384615388,2.6686434395848786,"GFS:0.46,NBM:0.54",OPEN,NO,4.759999999999999
17832,KXHIGHNY-26MAY09-T68,2026-05-09 03:37:29.046219+00:00,KNYC,2026-05-09,1,69.0,,0,0.1766807128741149,0.24011925023963743,0.031216074301705435,0.05765725433564562,67.11615384615388,2.6686434395848786,"GFS:0.46,NBM:0.54",OPEN,YES,-19.989999999999988
17831,KXHIGHNY-26MAY09-T61,2026-05-09 03:37:23.844521+00:00,KNYC,2026-05-09,1,,61.0,0,0.1664732765133839,0.010956897307537128,0.027713351793101575,0.00012005359860791436,67.11615384615388,2.6686434395848786,"GFS:0.46,NBM:0.54",OPEN,NO,0.7400000000000007
17830,KXHIGHNY-26MAY09-B67.5,2026-05-09 03:37:16.085191+00:00,KNYC,2026-05-09,1,67.0,69.0,0,0.15639988191310017,0.2772394019431456,0.024460923062431677,0.07686168598979305,67.11615384615388,2.6686434395848786,"GFS:0.46,NBM:0.54",OPEN,YES,-19.879999999999995
17829,KXHIGHNY-26MAY09-B65.5,2026-05-09 03:37:07.926807+00:00,KNYC,2026-05-09,1,65.0,67.0,1,0.15827942230329461,0.26874365963703295,0.7084935309180754,0.5347358353210395,67.11615384615388,2.6686434395848786,"GFS:0.46,NBM:0.54",OPEN,YES,52.93
17828,KXHIGHNY-26MAY09-B63.5,2026-05-09 03:37:03.605216+00:00,KNYC,2026-05-09,1,63.0,65.0,0,0.1854839512628616,0.1524112157581215,0.03440429617608362,0.023229178688868663,67.11615384615388,2.6686434395848786,"GFS:0.46,NBM:0.54",OPEN,NO,9.120000000000003
17815,KXHIGHNY-26MAY09-B61.5,2026-05-09 03:30:16.171711+00:00,KNYC,2026-05-09,1,61.0,63.0,0,0.15773597049366955,0.05052957511452538,0.024880636387579792,0.0025532379612544626,67.11615384615388,2.6686434395848786,"GFS:0.46,NBM:0.54",OPEN,NO,4.759999999999999
17814,KXHIGHNY-26MAY09-B67.5,2026-05-09 03:30:12.166013+00:00,KNYC,2026-05-09,1,67.0,69.0,0,0.1563163486218796,0.2772394019431456,0.024434800846477,0.07686168598979305,67.11615384615388,2.6686434395848786,"GFS:0.46,NBM:0.54",OPEN,YES,-19.990000000000006
17813,KXHIGHNY-26MAY09-T61,2026-05-09 03:30:08.086682+00:00,KNYC,2026-05-09,1,,61.0,0,0.1693697526832601,0.010956897307537128,0.02868611312398869,0.00012005359860791436,67.11615384615388,2.6686434395848786,"GFS:0.46,NBM:0.54",SKIP,NO,
17812,KXHIGHNY-26MAY09-T68,2026-05-09 03:30:00.245635+00:00,KNYC,2026-05-09,1,69.0,,0,0.17342214955963398,0.24011925023963743,0.030075241957884056,0.05765725433564562,67.11615384615388,2.6686434395848786,"GFS:0.46,NBM:0.54",OPEN,YES,-19.989999999999988
17811,KXHIGHNY-26MAY09-B63.5,2026-05-09 03:29:54.644179+00:00,KNYC,2026-05-09,1,63.0,65.0,0,0.18487635633826227,0.1524112157581215,0.034179267132912125,0.023229178688868663,67.11615384615388,2.6686434395848786,"GFS:0.46,NBM:0.54",OPEN,NO,9.120000000000003
17809,KXHIGHNY-26MAY09-B65.5,2026-05-09 03:29:42.888169+00:00,KNYC,2026-05-09,1,65.0,67.0,1,0.1582794223032945,0.26874365963703295,0.7084935309180757,0.5347358353210395,67.11615384615388,2.6686434395848786,"GFS:0.46,NBM:0.54",OPEN,YES,39.160000000000004
17797,KXHIGHNY-26MAY09-B61.5,2026-05-09 03:26:49.286727+00:00,KNYC,2026-05-09,1,61.0,63.0,0,0.1581075659893193,0.05052957511452538,0.02499800242306696,0.0025532379612544626,67.11615384615388,2.6686434395848786,"GFS:0.46,NBM:0.54",OPEN,NO,4.529999999999999
17796,KXHIGHNY-26MAY09-B67.5,2026-05-09 03:26:45.045976+00:00,KNYC,2026-05-09,1,67.0,69.0,0,0.15628687640193217,0.2772394019431456,0.024425587735472824,0.07686168598979305,67.11615384615388,2.6686434395848786,"GFS:0.46,NBM:0.54",OPEN,YES,-19.970000000000006
